Classification;a_1;a_2;a_3;a_4;a_5;a_6;aa_1;aa_2;aa_3;aa_4;aa_5
non-amyloid;a;a;a;q;a;a;aa;aa;aq;qa;aa
non-amyloid;a;a;e;l;r;n;aa;ae;el;lr;rn
non-amyloid;a;a;i;d;w;f;aa;ai;id;dw;wf
non-amyloid;a;a;i;g;w;g;aa;ai;ig;gw;wg
amyloid;a;a;i;i;g;q;aa;ai;ii;ig;gq
non-amyloid;a;a;l;q;s;s;aa;al;lq;qs;ss
non-amyloid;a;a;p;k;p;k;aa;ap;pk;kp;pk
non-amyloid;a;a;q;a;a;l;aa;aq;qa;aa;al
non-amyloid;a;a;r;r;f;f;aa;ar;rr;rf;ff
amyloid;a;a;t;v;y;v;aa;at;tv;vy;yv
non-amyloid;a;a;v;d;q;t;aa;av;vd;dq;qt
non-amyloid;a;c;g;v;i;g;ac;cg;gv;vi;ig
non-amyloid;a;d;v;g;q;g;ad;dv;vg;gq;qg
non-amyloid;a;d;v;s;i;e;ad;dv;vs;si;ie
non-amyloid;a;e;k;l;f;d;ae;ek;kl;lf;fd
non-amyloid;a;e;m;e;y;l;ae;em;me;ey;yl
non-amyloid;a;e;n;g;k;s;ae;en;ng;gk;ks
non-amyloid;a;e;s;d;k;k;ae;es;sd;dk;kk
non-amyloid;a;e;t;k;e;p;ae;et;tk;ke;ep
non-amyloid;a;e;v;l;a;l;ae;ev;vl;la;al
amyloid;a;e;v;v;f;t;ae;ev;vv;vf;ft
non-amyloid;a;f;s;i;n;p;af;fs;si;in;np
non-amyloid;a;g;f;q;p;q;ag;gf;fq;qp;pq
non-amyloid;a;g;g;y;y;q;ag;gg;gy;yy;yq
non-amyloid;a;g;s;g;s;g;ag;gs;sg;gs;sg
amyloid;a;g;v;n;y;f;ag;gv;vn;ny;yf
non-amyloid;a;g;y;q;q;q;ag;gy;yq;qq;qq
non-amyloid;a;i;d;w;f;d;ai;id;dw;wf;fd
non-amyloid;a;i;g;w;g;s;ai;ig;gw;wg;gs
amyloid;a;i;l;s;s;t;ai;il;ls;ss;st
non-amyloid;a;i;n;k;i;q;ai;in;nk;ki;iq
non-amyloid;a;i;s;n;n;n;ai;is;sn;nn;nn
amyloid;a;i;v;a;g;d;ai;iv;va;ag;gd
amyloid;a;i;v;a;g;s;ai;iv;va;ag;gs
amyloid;a;i;v;a;g;t;ai;iv;va;ag;gt
non-amyloid;a;l;a;l;q;t;al;la;al;lq;qt
amyloid;a;l;e;e;y;t;al;le;ee;ey;yt
non-amyloid;a;l;q;s;s;w;al;lq;qs;ss;sw
non-amyloid;a;l;q;t;d;a;al;lq;qt;td;da
non-amyloid;a;m;m;a;a;a;am;mm;ma;aa;aa
non-amyloid;a;m;n;i;t;n;am;mn;ni;it;tn
non-amyloid;a;n;a;t;k;k;an;na;at;tk;kk
amyloid;a;n;f;l;v;h;an;nf;fl;lv;vh
non-amyloid;a;n;n;n;s;n;an;nn;nn;ns;sn
non-amyloid;a;n;n;y;s;s;an;nn;ny;ys;ss
non-amyloid;a;p;k;p;k;k;ap;pk;kp;pk;kk
non-amyloid;a;q;a;a;l;q;aq;qa;aa;al;lq
non-amyloid;a;q;a;q;p;a;aq;qa;aq;qp;pa
amyloid;a;q;f;i;i;s;aq;qf;fi;ii;is
non-amyloid;a;q;i;v;y;k;aq;qi;iv;vy;yk
non-amyloid;a;q;p;a;g;g;aq;qp;pa;ag;gg
non-amyloid;a;s;n;a;g;s;as;sn;na;ag;gs
non-amyloid;a;s;q;q;n;q;as;sq;qq;qn;nq
non-amyloid;a;s;r;q;n;q;as;sr;rq;qn;nq
amyloid;a;s;s;s;n;y;as;ss;ss;sn;ny
non-amyloid;a;t;a;h;q;y;at;ta;ah;hq;qy
non-amyloid;a;t;k;k;v;d;at;tk;kk;kv;vd
non-amyloid;a;t;l;d;q;w;at;tl;ld;dq;qw
non-amyloid;a;t;t;r;t;v;at;tt;tr;rt;tv
amyloid;a;t;v;i;i;e;at;tv;vi;ii;ie
amyloid;a;t;v;q;a;f;at;tv;vq;qa;af
non-amyloid;a;t;v;s;f;d;at;tv;vs;sf;fd
non-amyloid;a;v;d;q;t;a;av;vd;dq;qt;ta
amyloid;a;v;f;i;i;y;av;vf;fi;ii;iy
non-amyloid;a;v;t;t;g;v;av;vt;tt;tg;gv
non-amyloid;a;y;n;a;q;a;ay;yn;na;aq;qa
amyloid;c;a;t;v;y;v;ca;at;tv;vy;yv
amyloid;c;g;v;i;g;i;cg;gv;vi;ig;gi
amyloid;c;i;l;f;w;g;ci;il;lf;fw;wg
non-amyloid;c;p;s;g;n;n;cp;ps;sg;gn;nn
amyloid;c;q;i;v;y;k;cq;qi;iv;vy;yk
amyloid;c;t;i;y;w;g;ct;ti;iy;yw;wg
amyloid;c;t;l;w;w;g;ct;tl;lw;ww;wg
amyloid;c;t;v;f;i;g;ct;tv;vf;fi;ig
amyloid;c;t;v;w;w;g;ct;tv;vw;ww;wg
non-amyloid;d;a;d;l;y;l;da;ad;dl;ly;yl
non-amyloid;d;a;g;y;q;q;da;ag;gy;yq;qq
non-amyloid;d;a;t;v;y;v;da;at;tv;vy;yv
amyloid;d;c;v;n;i;t;dc;cv;vn;ni;it
non-amyloid;d;d;s;l;f;f;dd;ds;sl;lf;ff
non-amyloid;d;e;c;f;f;f;de;ec;cf;ff;ff
non-amyloid;d;e;n;n;t;f;de;en;nn;nt;tf
non-amyloid;d;e;t;v;i;v;de;et;tv;vi;iv
amyloid;d;f;n;k;f;h;df;fn;nk;kf;fh
non-amyloid;d;f;q;k;q;q;df;fq;qk;kq;qq
non-amyloid;d;f;q;k;q;q;df;fq;qk;kq;qq
amyloid;d;h;c;i;i;g;dh;hc;ci;ii;ig
amyloid;d;h;c;i;i;w;dh;hc;ci;ii;iw
amyloid;d;i;d;l;h;l;di;id;dl;lh;hl
non-amyloid;d;i;e;v;d;l;di;ie;ev;vd;dl
non-amyloid;d;i;l;t;y;t;di;il;lt;ty;yt
non-amyloid;d;k;k;e;e;e;dk;kk;ke;ee;ee
non-amyloid;d;l;l;k;n;g;dl;ll;lk;kn;ng
non-amyloid;d;l;t;i;t;q;dl;lt;ti;it;tq
non-amyloid;d;l;t;q;r;g;dl;lt;tq;qr;rg
non-amyloid;d;n;n;t;i;f;dn;nn;nt;ti;if
amyloid;d;q;i;v;y;k;dq;qi;iv;vy;yk
non-amyloid;d;q;t;a;s;n;dq;qt;ta;as;sn
non-amyloid;d;q;w;n;g;k;dq;qw;wn;ng;gk
non-amyloid;d;s;n;q;g;n;ds;sn;nq;qg;gn
amyloid;d;s;v;i;s;l;ds;sv;vi;is;sl
non-amyloid;d;t;k;p;a;e;dt;tk;kp;pa;ae
amyloid;d;t;v;i;i;e;dt;tv;vi;ii;ie
non-amyloid;d;v;g;q;g;s;dv;vg;gq;qg;gs
non-amyloid;d;v;n;r;n;g;dv;vn;nr;rn;ng
non-amyloid;d;v;s;i;e;d;dv;vs;si;ie;ed
non-amyloid;e;a;l;y;l;v;ea;al;ly;yl;lv
non-amyloid;e;a;t;v;s;f;ea;at;tv;vs;sf
non-amyloid;e;a;t;v;y;v;ea;at;tv;vy;yv
non-amyloid;e;c;f;f;f;e;ec;cf;ff;ff;fe
non-amyloid;e;d;s;v;i;s;ed;ds;sv;vi;is
non-amyloid;e;e;c;l;f;l;ee;ec;cl;lf;fl
non-amyloid;e;e;e;k;s;a;ee;ee;ek;ks;sa
non-amyloid;e;e;k;k;e;e;ee;ek;kk;ke;ee
non-amyloid;e;e;k;p;v;q;ee;ek;kp;pv;vq
non-amyloid;e;e;k;s;a;e;ee;ek;ks;sa;ae
non-amyloid;e;e;k;s;e;l;ee;ek;ks;se;el
non-amyloid;e;e;p;v;k;k;ee;ep;pv;vk;kk
amyloid;e;g;v;l;y;v;eg;gv;vl;ly;yv
non-amyloid;e;h;s;d;l;s;eh;hs;sd;dl;ls
non-amyloid;e;k;d;e;y;a;ek;kd;de;ey;ya
non-amyloid;e;k;k;e;e;k;ek;kk;ke;ee;ek
non-amyloid;e;k;n;l;y;l;ek;kn;nl;ly;yl
non-amyloid;e;k;p;v;q;t;ek;kp;pv;vq;qt
non-amyloid;e;k;s;a;e;t;ek;ks;sa;ae;et
non-amyloid;e;k;s;e;l;p;ek;ks;se;el;lp
non-amyloid;e;l;n;i;y;q;el;ln;ni;iy;yq
non-amyloid;e;l;p;k;v;e;el;lp;pk;kv;ve
non-amyloid;e;m;t;v;k;q;em;mt;tv;vk;kq
non-amyloid;e;p;t;k;v;e;ep;pt;tk;kv;ve
non-amyloid;e;p;t;r;e;p;ep;pt;tr;re;ep
non-amyloid;e;p;v;k;k;e;ep;pv;vk;kk;ke
amyloid;e;q;i;v;y;k;eq;qi;iv;vy;yk
non-amyloid;e;r;g;f;f;y;er;rg;gf;ff;fy
non-amyloid;e;r;i;e;k;v;er;ri;ie;ek;kv
non-amyloid;e;s;d;k;k;e;es;sd;dk;kk;ke
non-amyloid;e;s;n;t;n;n;es;sn;nt;tn;nn
non-amyloid;e;t;k;e;p;t;et;tk;ke;ep;pt
amyloid;e;t;v;i;i;e;et;tv;vi;ii;ie
non-amyloid;e;t;v;i;v;i;et;tv;vi;iv;vi
non-amyloid;e;t;w;f;f;g;et;tw;wf;ff;fg
non-amyloid;e;v;d;l;l;k;ev;vd;dl;ll;lk
non-amyloid;e;v;t;t;g;v;ev;vt;tt;tg;gv
non-amyloid;e;y;l;k;i;a;ey;yl;lk;ki;ia
amyloid;e;y;s;n;f;s;ey;ys;sn;nf;fs
amyloid;f;a;i;r;h;f;fa;ai;ir;rh;hf
amyloid;f;a;t;v;y;v;fa;at;tv;vy;yv
non-amyloid;f;e;r;q;h;m;fe;er;rq;qh;hm
amyloid;f;e;s;n;f;n;fe;es;sn;nf;fn
non-amyloid;f;f;n;l;n;n;ff;fn;nl;ln;nn
non-amyloid;f;f;w;r;f;m;ff;fw;wr;rf;fm
non-amyloid;f;f;y;t;p;k;ff;fy;yt;tp;pk
non-amyloid;f;g;a;f;s;i;fg;ga;af;fs;si
non-amyloid;f;g;e;l;f;e;fg;ge;el;lf;fe
non-amyloid;f;g;g;g;n;g;fg;gg;gg;gn;ng
non-amyloid;f;g;n;n;a;t;fg;gn;nn;na;at
non-amyloid;f;g;n;q;s;g;fg;gn;nq;qs;sg
non-amyloid;f;g;n;s;a;t;fg;gn;ns;sa;at
non-amyloid;f;g;n;s;r;g;fg;gn;ns;sr;rg
non-amyloid;f;g;t;f;s;i;fg;gt;tf;fs;si
non-amyloid;f;h;p;s;d;i;fh;hp;ps;sd;di
non-amyloid;f;i;n;y;t;n;fi;in;ny;yt;tn
amyloid;f;i;v;n;i;v;fi;iv;vn;ni;iv
non-amyloid;f;k;q;i;g;i;fk;kq;qi;ig;gi
non-amyloid;f;l;k;y;f;t;fl;lk;ky;yf;ft
amyloid;f;l;v;h;s;s;fl;lv;vh;hs;ss
non-amyloid;f;m;f;f;i;i;fm;mf;ff;fi;ii
non-amyloid;f;m;f;n;d;l;fm;mf;fn;nd;dl
non-amyloid;f;m;s;n;d;l;fm;ms;sn;nd;dl
non-amyloid;f;n;k;f;g;g;fn;nk;kf;fg;gg
non-amyloid;f;n;p;q;g;g;fn;np;pq;qg;gg
non-amyloid;f;n;y;n;n;n;fn;ny;yn;nn;nn
amyloid;f;q;i;v;y;k;fq;qi;iv;vy;yk
non-amyloid;f;q;k;q;q;k;fq;qk;kq;qq;qk
non-amyloid;f;q;p;q;s;q;fq;qp;pq;qs;sq
amyloid;f;s;i;n;p;a;fs;si;in;np;pa
non-amyloid;f;s;k;d;w;s;fs;sk;kd;dw;ws
non-amyloid;f;s;n;a;t;n;fs;sn;na;at;tn
amyloid;f;t;f;i;q;f;ft;tf;fi;iq;qf
non-amyloid;f;t;p;t;e;k;ft;tp;pt;te;ek
amyloid;f;t;v;i;i;e;ft;tv;vi;ii;ie
amyloid;f;v;f;y;i;f;fv;vf;fy;yi;if
non-amyloid;f;v;n;q;h;l;fv;vn;nq;qh;hl
amyloid;f;y;l;l;y;y;fy;yl;ll;ly;yy
non-amyloid;f;y;t;p;k;t;fy;yt;tp;pk;kt
non-amyloid;g;a;a;i;g;w;ga;aa;ai;ig;gw
non-amyloid;g;a;a;v;d;q;ga;aa;av;vd;dq
non-amyloid;g;a;d;v;g;q;ga;ad;dv;vg;gq
non-amyloid;g;a;f;s;i;n;ga;af;fs;si;in
amyloid;g;a;i;i;g;l;ga;ai;ii;ig;gl
amyloid;g;a;i;l;s;s;ga;ai;il;ls;ss
amyloid;g;a;i;t;i;g;ga;ai;it;ti;ig
amyloid;g;a;t;v;y;v;ga;at;tv;vy;yv
amyloid;g;d;c;f;i;l;gd;dc;cf;fi;il
amyloid;g;d;h;c;i;i;gd;dh;hc;ci;ii
amyloid;g;d;v;i;e;v;gd;dv;vi;ie;ev
non-amyloid;g;e;a;t;v;s;ge;ea;at;tv;vs
amyloid;g;e;l;a;v;a;ge;el;la;av;va
non-amyloid;g;e;r;g;f;f;ge;er;rg;gf;ff
amyloid;g;e;w;t;y;d;ge;ew;wt;ty;yd
non-amyloid;g;f;f;n;l;q;gf;ff;fn;nl;lq
amyloid;g;f;f;q;q;q;gf;ff;fq;qq;qq
non-amyloid;g;f;f;y;t;p;gf;ff;fy;yt;tp
non-amyloid;g;f;g;n;n;a;gf;fg;gn;nn;na
non-amyloid;g;f;g;n;q;s;gf;fg;gn;nq;qs
non-amyloid;g;f;g;n;s;a;gf;fg;gn;ns;sa
non-amyloid;g;f;g;n;s;r;gf;fg;gn;ns;sr
non-amyloid;g;f;n;k;f;g;gf;fn;nk;kf;fg
non-amyloid;g;f;n;n;s;a;gf;fn;nn;ns;sa
non-amyloid;g;f;n;n;t;p;gf;fn;nn;nt;tp
non-amyloid;g;f;p;g;s;f;gf;fp;pg;gs;sf
non-amyloid;g;f;q;p;q;s;gf;fq;qp;pq;qs
non-amyloid;g;f;s;g;s;f;gf;fs;sg;gs;sf
non-amyloid;g;f;s;n;n;n;gf;fs;sn;nn;nn
non-amyloid;g;g;f;g;n;q;gg;gf;fg;gn;nq
non-amyloid;g;g;f;n;k;f;gg;gf;fn;nk;kf
non-amyloid;g;g;g;g;n;h;gg;gg;gg;gn;nh
non-amyloid;g;g;g;g;n;n;gg;gg;gg;gn;nn
non-amyloid;g;g;g;m;n;f;gg;gg;gm;mn;nf
non-amyloid;g;g;g;n;g;a;gg;gg;gn;ng;ga
non-amyloid;g;g;g;n;h;g;gg;gg;gn;nh;hg
amyloid;g;g;g;n;n;s;gg;gg;gn;nn;ns
non-amyloid;g;g;g;n;s;a;gg;gg;gn;ns;sa
non-amyloid;g;g;m;n;f;g;gg;gm;mn;nf;fg
non-amyloid;g;g;n;g;a;a;gg;gn;ng;ga;aa
non-amyloid;g;g;n;g;a;d;gg;gn;ng;ga;ad
non-amyloid;g;g;n;h;g;g;gg;gn;nh;hg;gg
non-amyloid;g;g;n;n;s;g;gg;gn;nn;ns;sg
non-amyloid;g;g;n;s;a;l;gg;gn;ns;sa;al
non-amyloid;g;g;q;q;q;s;gg;gq;qq;qq;qs
non-amyloid;g;g;r;g;n;y;gg;gr;rg;gn;ny
amyloid;g;g;v;l;v;n;gg;gv;vl;lv;vn
amyloid;g;g;v;v;i;a;gg;gv;vv;vi;ia
amyloid;g;g;y;l;l;g;gg;gy;yl;ll;lg
amyloid;g;g;y;m;l;g;gg;gy;ym;ml;lg
non-amyloid;g;g;y;q;q;q;gg;gy;yq;qq;qq
non-amyloid;g;g;y;q;q;y;gg;gy;yq;qq;qy
amyloid;g;g;y;v;l;g;gg;gy;yv;vl;lg
non-amyloid;g;g;y;y;q;n;gg;gy;yy;yq;qn
amyloid;g;i;f;n;i;k;gi;if;fn;ni;ik
non-amyloid;g;i;i;k;t;n;gi;ii;ik;kt;tn
non-amyloid;g;i;k;l;a;n;gi;ik;kl;la;an
amyloid;g;i;v;i;v;a;gi;iv;vi;iv;va
non-amyloid;g;k;q;a;y;q;gk;kq;qa;ay;yq
non-amyloid;g;k;q;g;y;q;gk;kq;qg;gy;yq
amyloid;g;l;c;y;f;n;gl;lc;cy;yf;fn
amyloid;g;l;f;i;n;m;gl;lf;fi;in;nm
non-amyloid;g;l;l;l;w;q;gl;ll;ll;lw;wq
amyloid;g;l;s;i;f;v;gl;ls;si;if;fv
non-amyloid;g;m;f;n;i;q;gm;mf;fn;ni;iq
non-amyloid;g;m;l;a;s;q;gm;ml;la;as;sq
non-amyloid;g;m;l;a;s;r;gm;ml;la;as;sr
amyloid;g;m;m;g;m;l;gm;mm;mg;gm;ml
non-amyloid;g;m;n;f;g;a;gm;mn;nf;fg;ga
non-amyloid;g;m;n;f;g;t;gm;mn;nf;fg;gt
non-amyloid;g;m;s;l;n;d;gm;ms;sl;ln;nd
amyloid;g;n;c;f;i;l;gn;nc;cf;fi;il
amyloid;g;n;f;n;n;l;gn;nf;fn;nn;nl
non-amyloid;g;n;g;a;a;v;gn;ng;ga;aa;av
non-amyloid;g;n;g;a;d;v;gn;ng;ga;ad;dv
non-amyloid;g;n;h;g;g;g;gn;nh;hg;gg;gg
non-amyloid;g;n;n;a;t;a;gn;nn;na;at;ta
non-amyloid;g;n;n;q;q;n;gn;nn;nq;qq;qn
non-amyloid;g;n;n;r;y;q;gn;nn;nr;ry;yq
non-amyloid;g;n;n;s;g;p;gn;nn;ns;sg;gp
non-amyloid;g;n;n;s;y;s;gn;nn;ns;sy;ys
non-amyloid;g;n;q;q;q;g;gn;nq;qq;qq;qg
non-amyloid;g;n;q;q;q;g;gn;nq;qq;qq;qg
non-amyloid;g;n;q;s;g;f;gn;nq;qs;sg;gf
non-amyloid;g;n;s;a;l;a;gn;ns;sa;al;la
non-amyloid;g;n;s;a;t;l;gn;ns;sa;at;tl
amyloid;g;n;t;c;v;n;gn;nt;tc;cv;vn
amyloid;g;n;v;a;v;a;gn;nv;va;av;va
amyloid;g;n;v;c;i;n;gn;nv;vc;ci;in
non-amyloid;g;n;y;k;n;f;gn;ny;yk;kn;nf
non-amyloid;g;q;g;s;d;d;gq;qg;gs;sd;dd
non-amyloid;g;q;i;v;y;k;gq;qi;iv;vy;yk
non-amyloid;g;q;n;n;t;q;gq;qn;nn;nt;tq
non-amyloid;g;q;q;n;q;y;gq;qq;qn;nq;qy
non-amyloid;g;q;q;q;s;y;gq;qq;qq;qs;sy
non-amyloid;g;q;q;s;y;s;gq;qq;qs;sy;ys
non-amyloid;g;q;s;s;y;s;gq;qs;ss;sy;ys
non-amyloid;g;r;g;n;y;k;gr;rg;gn;ny;yk
non-amyloid;g;r;g;n;y;k;gr;rg;gn;ny;yk
non-amyloid;g;r;i;g;i;a;gr;ri;ig;gi;ia
non-amyloid;g;s;a;s;n;a;gs;sa;as;sn;na
non-amyloid;g;s;g;f;n;g;gs;sg;gf;fn;ng
non-amyloid;g;s;g;s;g;f;gs;sg;gs;sg;gf
non-amyloid;g;s;h;l;v;e;gs;sh;hl;lv;ve
amyloid;g;s;i;a;a;t;gs;si;ia;aa;at
non-amyloid;g;s;n;n;t;f;gs;sn;nn;nt;tf
non-amyloid;g;s;n;s;g;a;gs;sn;ns;sg;ga
amyloid;g;t;f;f;i;n;gt;tf;ff;fi;in
amyloid;g;t;f;f;i;t;gt;tf;ff;fi;it
non-amyloid;g;t;f;f;q;e;gt;tf;ff;fq;qe
amyloid;g;t;f;n;i;i;gt;tf;fn;ni;ii
non-amyloid;g;t;f;s;i;n;gt;tf;fs;si;in
amyloid;g;t;l;f;w;g;gt;tl;lf;fw;wg
amyloid;g;t;l;v;f;m;gt;tl;lv;vf;fm
amyloid;g;t;v;i;i;e;gt;tv;vi;ii;ie
amyloid;g;t;v;l;f;m;gt;tv;vl;lf;fm
amyloid;g;t;v;w;w;g;gt;tv;vw;ww;wg
amyloid;g;v;a;t;v;a;gv;va;at;tv;va
non-amyloid;g;v;f;n;n;q;gv;vf;fn;nn;nq
amyloid;g;v;i;g;i;a;gv;vi;ig;gi;ia
amyloid;g;v;i;w;i;a;gv;vi;iw;wi;ia
non-amyloid;g;v;n;n;n;n;gv;vn;nn;nn;nn
amyloid;g;v;n;y;f;l;gv;vn;ny;yf;fl
non-amyloid;g;v;p;g;i;a;gv;vp;pg;gi;ia
amyloid;g;v;q;v;g;d;gv;vq;qv;vg;gd
non-amyloid;g;v;t;i;i;t;gv;vt;ti;ii;it
non-amyloid;g;v;v;p;q;y;gv;vv;vp;pq;qy
amyloid;g;v;v;t;s;e;gv;vv;vt;ts;se
non-amyloid;g;v;v;v;v;t;gv;vv;vv;vv;vt
amyloid;g;v;w;w;f;f;gv;vw;ww;wf;ff
non-amyloid;g;w;g;s;a;s;gw;wg;gs;sa;as
amyloid;g;y;c;f;i;l;gy;yc;cf;fi;il
amyloid;g;y;f;i;l;q;gy;yf;fi;il;lq
amyloid;g;y;f;l;n;f;gy;yf;fl;ln;nf
amyloid;g;y;f;l;n;m;gy;yf;fl;ln;nm
non-amyloid;g;y;g;q;s;s;gy;yg;gq;qs;ss
amyloid;g;y;m;l;g;s;gy;ym;ml;lg;gs
non-amyloid;g;y;q;a;g;f;gy;yq;qa;ag;gf
non-amyloid;g;y;q;a;y;n;gy;yq;qa;ay;yn
non-amyloid;g;y;q;q;g;g;gy;yq;qq;qg;gg
non-amyloid;g;y;q;q;q;f;gy;yq;qq;qq;qf
non-amyloid;g;y;q;q;q;y;gy;yq;qq;qq;qy
non-amyloid;g;y;q;q;y;n;gy;yq;qq;qy;yn
non-amyloid;g;y;q;q;y;n;gy;yq;qq;qy;yn
non-amyloid;g;y;s;g;y;q;gy;ys;sg;gy;yq
amyloid;g;y;v;i;i;k;gy;yv;vi;ii;ik
amyloid;g;y;v;l;g;s;gy;yv;vl;lg;gs
non-amyloid;g;y;y;q;n;y;gy;yy;yq;qn;ny
non-amyloid;h;a;f;l;i;i;ha;af;fl;li;ii
amyloid;h;a;t;v;y;v;ha;at;tv;vy;yv
amyloid;h;f;v;w;i;a;hf;fv;vw;wi;ia
amyloid;h;g;f;n;q;q;hg;gf;fn;nq;qq
non-amyloid;h;g;g;g;g;n;hg;gg;gg;gg;gn
non-amyloid;h;g;g;g;n;g;hg;gg;gg;gn;ng
amyloid;h;g;w;l;i;m;hg;gw;wl;li;im
amyloid;h;i;c;n;f;f;hi;ic;cn;nf;ff
non-amyloid;h;i;f;i;i;m;hi;if;fi;ii;im
amyloid;h;i;f;l;l;c;hi;if;fl;ll;lc
non-amyloid;h;k;a;l;f;w;hk;ka;al;lf;fw
amyloid;h;l;f;n;l;t;hl;lf;fn;nl;lt
non-amyloid;h;l;v;e;a;l;hl;lv;ve;ea;al
amyloid;h;l;v;y;i;m;hl;lv;vy;yi;im
non-amyloid;h;n;n;n;n;n;hn;nn;nn;nn;nn
non-amyloid;h;n;n;n;s;q;hn;nn;nn;ns;sq
non-amyloid;h;n;s;v;n;f;hn;ns;sv;vn;nf
non-amyloid;h;n;t;n;n;a;hn;nt;tn;nn;na
non-amyloid;h;p;a;e;n;g;hp;pa;ae;en;ng
amyloid;h;q;f;n;l;n;hq;qf;fn;nl;ln
non-amyloid;h;q;i;v;y;k;hq;qi;iv;vy;yk
amyloid;h;q;l;i;i;m;hq;ql;li;ii;im
amyloid;h;s;s;n;n;f;hs;ss;sn;nn;nf
non-amyloid;h;t;a;v;t;t;ht;ta;av;vt;tt
amyloid;h;t;f;n;l;l;ht;tf;fn;nl;ll
amyloid;h;t;v;i;i;e;ht;tv;vi;ii;ie
non-amyloid;h;w;q;n;f;a;hw;wq;qn;nf;fa
non-amyloid;h;w;r;n;f;a;hw;wr;rn;nf;fa
amyloid;h;y;f;n;i;f;hy;yf;fn;ni;if
amyloid;i;a;t;v;y;v;ia;at;tv;vy;yv
non-amyloid;i;c;s;l;y;q;ic;cs;sl;ly;yq
non-amyloid;i;d;l;t;q;r;id;dl;lt;tq;qr
non-amyloid;i;e;d;s;v;i;ie;ed;ds;sv;vi
non-amyloid;i;e;k;v;e;h;ie;ek;kv;ve;eh
amyloid;i;e;m;i;f;v;ie;em;mi;if;fv
amyloid;i;f;d;f;i;q;if;fd;df;fi;iq
non-amyloid;i;f;n;y;n;n;if;fn;ny;yn;nn
amyloid;i;f;q;i;n;s;if;fq;qi;in;ns
non-amyloid;i;g;i;i;k;t;ig;gi;ii;ik;kt
non-amyloid;i;g;n;n;s;i;ig;gn;nn;ns;si
non-amyloid;i;g;r;t;l;v;ig;gr;rt;tl;lv
non-amyloid;i;g;r;t;l;w;ig;gr;rt;tl;lw
non-amyloid;i;g;w;g;s;a;ig;gw;wg;gs;sa
non-amyloid;i;h;k;a;q;n;ih;hk;ka;aq;qn
amyloid;i;i;h;f;g;s;ii;ih;hf;fg;gs
non-amyloid;i;i;n;f;e;q;ii;in;nf;fe;eq
amyloid;i;i;n;f;i;t;ii;in;nf;fi;it
non-amyloid;i;i;p;f;e;q;ii;ip;pf;fe;eq
non-amyloid;i;i;t;v;t;n;ii;it;tv;vt;tn
non-amyloid;i;k;l;a;n;a;ik;kl;la;an;na
non-amyloid;i;l;e;n;i;s;il;le;en;ni;is
non-amyloid;i;l;g;s;n;n;il;lg;gs;sn;nn
amyloid;i;l;q;i;n;s;il;lq;qi;in;ns
amyloid;i;l;v;a;g;d;il;lv;va;ag;gd
amyloid;i;l;v;a;g;s;il;lv;va;ag;gs
non-amyloid;i;n;l;y;t;d;in;nl;ly;yt;td
non-amyloid;i;n;n;m;t;n;in;nn;nm;mt;tn
non-amyloid;i;n;n;v;s;n;in;nn;nv;vs;sn
non-amyloid;i;n;p;a;m;m;in;np;pa;am;mm
amyloid;i;q;i;m;i;w;iq;qi;im;mi;iw
amyloid;i;q;i;v;y;k;iq;qi;iv;vy;yk
non-amyloid;i;q;n;n;s;n;iq;qn;nn;ns;sn
non-amyloid;i;q;r;t;p;k;iq;qr;rt;tp;pk
non-amyloid;i;q;v;y;s;r;iq;qv;vy;ys;sr
amyloid;i;s;f;l;i;f;is;sf;fl;li;if
non-amyloid;i;s;l;s;g;d;is;sl;ls;sg;gd
non-amyloid;i;s;m;t;t;s;is;sm;mt;tt;ts
amyloid;i;t;l;f;w;g;it;tl;lf;fw;wg
non-amyloid;i;t;q;h;g;g;it;tq;qh;hg;gg
amyloid;i;t;v;i;i;e;it;tv;vi;ii;ie
non-amyloid;i;t;v;t;n;d;it;tv;vt;tn;nd
amyloid;i;v;a;t;t;r;iv;va;at;tt;tr
non-amyloid;i;v;i;r;t;p;iv;vi;ir;rt;tp
non-amyloid;i;v;i;v;a;t;iv;vi;iv;va;at
amyloid;i;v;y;s;c;e;iv;vy;ys;sc;ce
amyloid;i;v;y;s;w;e;iv;vy;ys;sw;we
non-amyloid;i;y;f;n;v;q;iy;yf;fn;nv;vq
amyloid;i;y;q;y;g;g;iy;yq;qy;yg;gg
amyloid;i;y;q;y;g;g;iy;yq;qy;yg;gg
non-amyloid;k;a;a;i;d;w;ka;aa;ai;id;dw
non-amyloid;k;a;f;i;i;q;ka;af;fi;ii;iq
non-amyloid;k;a;i;l;f;l;ka;ai;il;lf;fl
amyloid;k;a;k;e;g;v;ka;ak;ke;eg;gv
amyloid;k;a;t;v;y;v;ka;at;tv;vy;yv
amyloid;k;c;l;n;y;l;kc;cl;ln;ny;yl
amyloid;k;c;w;c;f;t;kc;cw;wc;cf;ft
amyloid;k;d;w;s;f;y;kd;dw;ws;sf;fy
non-amyloid;k;e;c;l;i;n;ke;ec;cl;li;in
non-amyloid;k;e;e;e;k;s;ke;ee;ee;ek;ks
non-amyloid;k;e;e;k;p;v;ke;ee;ek;kp;pv
non-amyloid;k;e;e;k;s;e;ke;ee;ek;ks;se
non-amyloid;k;e;n;i;i;f;ke;en;ni;ii;if
non-amyloid;k;e;p;t;r;e;ke;ep;pt;tr;re
non-amyloid;k;g;e;n;f;t;kg;ge;en;nf;ft
amyloid;k;h;i;i;v;a;kh;hi;ii;iv;va
amyloid;k;i;v;k;w;d;ki;iv;vk;kw;wd
non-amyloid;k;k;e;e;e;k;kk;ke;ee;ee;ek
non-amyloid;k;k;e;e;k;p;kk;ke;ee;ek;kp
non-amyloid;k;k;e;e;k;s;kk;ke;ee;ek;ks
non-amyloid;k;k;t;l;k;l;kk;kt;tl;lk;kl
non-amyloid;k;k;v;d;t;k;kk;kv;vd;dt;tk
non-amyloid;k;l;a;n;a;t;kl;la;an;na;at
amyloid;k;l;f;i;i;q;kl;lf;fi;ii;iq
amyloid;k;l;f;i;q;f;kl;lf;fi;iq;qf
non-amyloid;k;l;l;e;i;a;kl;ll;le;ei;ia
amyloid;k;l;l;i;y;e;kl;ll;li;iy;ye
amyloid;k;l;v;f;f;a;kl;lv;vf;ff;fa
non-amyloid;k;l;v;s;s;s;kl;lv;vs;ss;ss
non-amyloid;k;m;f;f;i;q;km;mf;ff;fi;iq
amyloid;k;n;e;e;g;a;kn;ne;ee;eg;ga
amyloid;k;n;f;n;y;n;kn;nf;fn;ny;yn
non-amyloid;k;n;f;n;y;n;kn;nf;fn;ny;yn
non-amyloid;k;p;a;e;s;d;kp;pa;ae;es;sd
non-amyloid;k;p;k;k;t;l;kp;pk;kk;kt;tl
non-amyloid;k;p;v;q;t;e;kp;pv;vq;qt;te
non-amyloid;k;q;a;a;p;k;kq;qa;aa;ap;pk
non-amyloid;k;q;f;g;g;g;kq;qf;fg;gg;gg
amyloid;k;q;i;g;i;i;kq;qi;ig;gi;ii
amyloid;k;q;i;v;y;k;kq;qi;iv;vy;yk
non-amyloid;k;q;q;k;q;a;kq;qq;qk;kq;qa
non-amyloid;k;s;a;e;t;k;ks;sa;ae;et;tk
non-amyloid;k;s;e;l;p;k;ks;se;el;lp;pk
non-amyloid;k;s;n;f;l;n;ks;sn;nf;fl;ln
amyloid;k;t;k;e;g;v;kt;tk;ke;eg;gv
amyloid;k;t;k;e;q;v;kt;tk;ke;eq;qv
amyloid;k;t;k;q;g;v;kt;tk;kq;qg;gv
non-amyloid;k;t;l;k;l;v;kt;tl;lk;kl;lv
amyloid;k;t;v;e;g;a;kt;tv;ve;eg;ga
amyloid;k;t;v;i;i;e;kt;tv;vi;ii;ie
non-amyloid;k;t;v;i;i;t;kt;tv;vi;ii;it
non-amyloid;k;t;v;i;v;e;kt;tv;vi;iv;ve
non-amyloid;k;t;v;i;y;e;kt;tv;vi;iy;ye
non-amyloid;k;t;v;l;i;e;kt;tv;vl;li;ie
non-amyloid;k;v;d;t;k;p;kv;vd;dt;tk;kp
non-amyloid;k;v;e;d;l;k;kv;ve;ed;dl;lk
non-amyloid;k;v;e;e;p;v;kv;ve;ee;ep;pv
non-amyloid;k;v;e;h;s;d;kv;ve;eh;hs;sd
amyloid;k;v;q;i;i;n;kv;vq;qi;ii;in
non-amyloid;k;w;d;r;d;m;kw;wd;dr;rd;dm
non-amyloid;k;y;l;n;w;d;ky;yl;ln;nw;wd
non-amyloid;k;y;n;n;t;g;ky;yn;nn;nt;tg
amyloid;l;a;a;v;y;v;la;aa;av;vy;yv
amyloid;l;a;c;v;y;v;la;ac;cv;vy;yv
non-amyloid;l;a;d;v;y;v;la;ad;dv;vy;yv
non-amyloid;l;a;e;a;i;g;la;ae;ea;ai;ig
non-amyloid;l;a;e;v;y;v;la;ae;ev;vy;yv
amyloid;l;a;f;v;y;v;la;af;fv;vy;yv
amyloid;l;a;g;v;y;v;la;ag;gv;vy;yv
amyloid;l;a;h;v;y;v;la;ah;hv;vy;yv
amyloid;l;a;i;v;y;v;la;ai;iv;vy;yv
non-amyloid;l;a;k;v;y;v;la;ak;kv;vy;yv
non-amyloid;l;a;l;q;t;d;la;al;lq;qt;td
amyloid;l;a;l;v;y;v;la;al;lv;vy;yv
amyloid;l;a;m;v;y;v;la;am;mv;vy;yv
non-amyloid;l;a;n;a;t;k;la;an;na;at;tk
amyloid;l;a;n;f;l;v;la;an;nf;fl;lv
amyloid;l;a;n;v;y;v;la;an;nv;vy;yv
non-amyloid;l;a;p;v;y;v;la;ap;pv;vy;yv
amyloid;l;a;q;v;y;v;la;aq;qv;vy;yv
non-amyloid;l;a;r;v;y;v;la;ar;rv;vy;yv
non-amyloid;l;a;s;q;q;n;la;as;sq;qq;qn
non-amyloid;l;a;s;r;q;n;la;as;sr;rq;qn
amyloid;l;a;s;v;y;v;la;as;sv;vy;yv
non-amyloid;l;a;t;a;y;v;la;at;ta;ay;yv
amyloid;l;a;t;c;y;v;la;at;tc;cy;yv
non-amyloid;l;a;t;d;y;v;la;at;td;dy;yv
non-amyloid;l;a;t;e;y;v;la;at;te;ey;yv
amyloid;l;a;t;f;y;v;la;at;tf;fy;yv
non-amyloid;l;a;t;g;y;v;la;at;tg;gy;yv
non-amyloid;l;a;t;h;y;v;la;at;th;hy;yv
amyloid;l;a;t;i;y;v;la;at;ti;iy;yv
non-amyloid;l;a;t;k;y;v;la;at;tk;ky;yv
amyloid;l;a;t;l;y;v;la;at;tl;ly;yv
amyloid;l;a;t;m;y;v;la;at;tm;my;yv
non-amyloid;l;a;t;n;y;v;la;at;tn;ny;yv
non-amyloid;l;a;t;p;y;v;la;at;tp;py;yv
non-amyloid;l;a;t;q;y;v;la;at;tq;qy;yv
non-amyloid;l;a;t;r;y;v;la;at;tr;ry;yv
non-amyloid;l;a;t;s;y;v;la;at;ts;sy;yv
non-amyloid;l;a;t;t;y;v;la;at;tt;ty;yv
amyloid;l;a;t;v;a;v;la;at;tv;va;av
amyloid;l;a;t;v;c;v;la;at;tv;vc;cv
amyloid;l;a;t;v;d;v;la;at;tv;vd;dv
amyloid;l;a;t;v;e;v;la;at;tv;ve;ev
amyloid;l;a;t;v;f;v;la;at;tv;vf;fv
amyloid;l;a;t;v;g;v;la;at;tv;vg;gv
amyloid;l;a;t;v;h;v;la;at;tv;vh;hv
amyloid;l;a;t;v;i;v;la;at;tv;vi;iv
amyloid;l;a;t;v;k;v;la;at;tv;vk;kv
amyloid;l;a;t;v;l;v;la;at;tv;vl;lv
amyloid;l;a;t;v;m;v;la;at;tv;vm;mv
amyloid;l;a;t;v;n;v;la;at;tv;vn;nv
amyloid;l;a;t;v;p;v;la;at;tv;vp;pv
amyloid;l;a;t;v;q;v;la;at;tv;vq;qv
amyloid;l;a;t;v;r;v;la;at;tv;vr;rv
amyloid;l;a;t;v;s;v;la;at;tv;vs;sv
amyloid;l;a;t;v;t;v;la;at;tv;vt;tv
amyloid;l;a;t;v;v;v;la;at;tv;vv;vv
amyloid;l;a;t;v;w;v;la;at;tv;vw;wv
non-amyloid;l;a;t;v;y;a;la;at;tv;vy;ya
amyloid;l;a;t;v;y;c;la;at;tv;vy;yc
non-amyloid;l;a;t;v;y;d;la;at;tv;vy;yd
amyloid;l;a;t;v;y;e;la;at;tv;vy;ye
amyloid;l;a;t;v;y;f;la;at;tv;vy;yf
non-amyloid;l;a;t;v;y;g;la;at;tv;vy;yg
non-amyloid;l;a;t;v;y;h;la;at;tv;vy;yh
amyloid;l;a;t;v;y;i;la;at;tv;vy;yi
non-amyloid;l;a;t;v;y;k;la;at;tv;vy;yk
non-amyloid;l;a;t;v;y;l;la;at;tv;vy;yl
amyloid;l;a;t;v;y;m;la;at;tv;vy;ym
amyloid;l;a;t;v;y;n;la;at;tv;vy;yn
non-amyloid;l;a;t;v;y;p;la;at;tv;vy;yp
non-amyloid;l;a;t;v;y;q;la;at;tv;vy;yq
non-amyloid;l;a;t;v;y;r;la;at;tv;vy;yr
non-amyloid;l;a;t;v;y;s;la;at;tv;vy;ys
non-amyloid;l;a;t;v;y;t;la;at;tv;vy;yt
amyloid;l;a;t;v;y;v;la;at;tv;vy;yv
amyloid;l;a;t;v;y;w;la;at;tv;vy;yw
amyloid;l;a;t;v;y;y;la;at;tv;vy;yy
non-amyloid;l;a;t;w;y;v;la;at;tw;wy;yv
amyloid;l;a;t;y;y;v;la;at;ty;yy;yv
amyloid;l;a;v;a;g;d;la;av;va;ag;gd
amyloid;l;a;v;l;f;l;la;av;vl;lf;fl
amyloid;l;a;v;v;y;v;la;av;vv;vy;yv
amyloid;l;a;w;v;y;v;la;aw;wv;vy;yv
amyloid;l;a;y;v;y;v;la;ay;yv;vy;yv
amyloid;l;c;t;v;y;v;lc;ct;tv;vy;yv
non-amyloid;l;d;g;f;s;r;ld;dg;gf;fs;sr
non-amyloid;l;d;g;s;s;r;ld;dg;gs;ss;sr
non-amyloid;l;d;q;w;n;g;ld;dq;qw;wn;ng
non-amyloid;l;d;t;v;y;v;ld;dt;tv;vy;yv
amyloid;l;e;f;w;l;q;le;ef;fw;wl;lq
non-amyloid;l;e;t;v;y;v;le;et;tv;vy;yv
non-amyloid;l;f;m;f;n;d;lf;fm;mf;fn;nd
non-amyloid;l;f;m;s;n;d;lf;fm;ms;sn;nd
non-amyloid;l;f;n;n;s;t;lf;fn;nn;ns;st
amyloid;l;f;t;v;y;v;lf;ft;tv;vy;yv
non-amyloid;l;g;n;n;s;n;lg;gn;nn;ns;sn
amyloid;l;g;t;v;y;v;lg;gt;tv;vy;yv
amyloid;l;h;t;v;y;v;lh;ht;tv;vy;yv
non-amyloid;l;i;a;g;f;n;li;ia;ag;gf;fn
amyloid;l;i;f;l;i;v;li;if;fl;li;iv
non-amyloid;l;i;n;n;s;v;li;in;nn;ns;sv
amyloid;l;i;t;v;y;v;li;it;tv;vy;yv
amyloid;l;i;v;a;a;d;li;iv;va;aa;ad
amyloid;l;i;v;a;g;d;li;iv;va;ag;gd
amyloid;l;i;v;a;g;e;li;iv;va;ag;ge
amyloid;l;i;v;a;g;k;li;iv;va;ag;gk
amyloid;l;i;v;a;g;s;li;iv;va;ag;gs
amyloid;l;i;v;a;g;t;li;iv;va;ag;gt
non-amyloid;l;k;l;v;s;s;lk;kl;lv;vs;ss
non-amyloid;l;k;n;g;e;r;lk;kn;ng;ge;er
non-amyloid;l;k;t;v;y;v;lk;kt;tv;vy;yv
amyloid;l;k;v;k;v;l;lk;kv;vk;kv;vl
amyloid;l;l;a;v;v;a;ll;la;av;vv;va
non-amyloid;l;l;f;c;h;i;ll;lf;fc;ch;hi
non-amyloid;l;l;f;y;h;i;ll;lf;fy;yh;hi
non-amyloid;l;l;g;p;t;i;ll;lg;gp;pt;ti
non-amyloid;l;l;n;k;t;n;ll;ln;nk;kt;tn
amyloid;l;l;t;v;y;v;ll;lt;tv;vy;yv
non-amyloid;l;l;v;p;t;i;ll;lv;vp;pt;ti
amyloid;l;l;y;y;t;e;ll;ly;yy;yt;te
non-amyloid;l;m;n;t;t;n;lm;mn;nt;tt;tn
non-amyloid;l;m;s;l;f;g;lm;ms;sl;lf;fg
amyloid;l;m;t;v;y;v;lm;mt;tv;vy;yv
non-amyloid;l;n;d;f;q;k;ln;nd;df;fq;qk
amyloid;l;n;i;y;q;y;ln;ni;iy;yq;qy
amyloid;l;n;i;y;q;y;ln;ni;iy;yq;qy
non-amyloid;l;n;n;i;t;a;ln;nn;ni;it;ta
amyloid;l;n;t;v;y;v;ln;nt;tv;vy;yv
non-amyloid;l;p;k;v;e;d;lp;pk;kv;ve;ed
amyloid;l;p;t;v;y;v;lp;pt;tv;vy;yv
non-amyloid;l;q;g;y;q;a;lq;qg;gy;yq;qa
amyloid;l;q;i;v;y;k;lq;qi;iv;vy;yk
non-amyloid;l;q;n;v;s;n;lq;qn;nv;vs;sn
non-amyloid;l;q;s;s;w;g;lq;qs;ss;sw;wg
non-amyloid;l;q;t;d;a;r;lq;qt;td;da;ar
amyloid;l;q;t;v;y;v;lq;qt;tv;vy;yv
non-amyloid;l;r;t;v;y;v;lr;rt;tv;vy;yv
amyloid;l;s;f;s;k;d;ls;sf;fs;sk;kd
non-amyloid;l;s;g;d;h;c;ls;sg;gd;dh;hc
non-amyloid;l;s;q;p;k;i;ls;sq;qp;pk;ki
amyloid;l;s;t;v;y;v;ls;st;tv;vy;yv
non-amyloid;l;t;f;i;q;v;lt;tf;fi;iq;qv
non-amyloid;l;t;i;t;q;h;lt;ti;it;tq;qh
non-amyloid;l;t;q;r;g;f;lt;tq;qr;rg;gf
amyloid;l;t;t;v;y;v;lt;tt;tv;vy;yv
amyloid;l;t;v;i;i;e;lt;tv;vi;ii;ie
amyloid;l;v;e;a;l;y;lv;ve;ea;al;ly
amyloid;l;v;f;y;q;q;lv;vf;fy;yq;qq
amyloid;l;v;h;s;s;n;lv;vh;hs;ss;sn
non-amyloid;l;v;s;s;s;g;lv;vs;ss;ss;sg
amyloid;l;v;t;v;y;v;lv;vt;tv;vy;yv
amyloid;l;w;t;v;y;v;lw;wt;tv;vy;yv
amyloid;l;y;q;l;e;n;ly;yq;ql;le;en
amyloid;l;y;t;v;y;v;ly;yt;tv;vy;yv
amyloid;l;y;v;l;i;v;ly;yv;vl;li;iv
non-amyloid;m;a;a;a;q;a;ma;aa;aa;aq;qa
amyloid;m;a;t;v;y;v;ma;at;tv;vy;yv
amyloid;m;c;s;i;f;q;mc;cs;si;if;fq
non-amyloid;m;e;r;l;r;i;me;er;rl;lr;ri
non-amyloid;m;e;w;l;r;i;me;ew;wl;lr;ri
non-amyloid;m;g;g;g;m;n;mg;gg;gg;gm;mn
non-amyloid;m;g;m;l;a;s;mg;gm;ml;la;as
non-amyloid;m;g;n;n;t;v;mg;gn;nn;nt;tv
amyloid;m;h;v;n;i;q;mh;hv;vn;ni;iq
amyloid;m;i;e;n;i;q;mi;ie;en;ni;iq
amyloid;m;i;h;f;g;n;mi;ih;hf;fg;gn
non-amyloid;m;i;n;l;y;t;mi;in;nl;ly;yt
non-amyloid;m;l;a;s;q;q;ml;la;as;sq;qq
non-amyloid;m;l;a;s;r;q;ml;la;as;sr;rq
amyloid;m;l;v;l;f;v;ml;lv;vl;lf;fv
non-amyloid;m;m;a;a;a;q;mm;ma;aa;aa;aq
non-amyloid;m;m;g;m;l;a;mm;mg;gm;ml;la
amyloid;m;m;h;f;g;n;mm;mh;hf;fg;gn
non-amyloid;m;n;f;g;a;f;mn;nf;fg;ga;af
non-amyloid;m;n;f;g;t;f;mn;nf;fg;gt;tf
amyloid;m;q;i;v;y;k;mq;qi;iv;vy;yk
non-amyloid;m;s;d;s;n;q;ms;sd;ds;sn;nq
non-amyloid;m;s;l;n;d;f;ms;sl;ln;nd;df
amyloid;m;t;f;i;q;n;mt;tf;fi;iq;qn
amyloid;m;t;v;i;i;e;mt;tv;vi;ii;ie
non-amyloid;m;t;v;k;q;f;mt;tv;vk;kq;qf
amyloid;m;v;g;g;v;v;mv;vg;gg;gv;vv
non-amyloid;m;y;f;f;i;f;my;yf;ff;fi;if
non-amyloid;m;y;w;i;i;f;my;yw;wi;ii;if
non-amyloid;n;a;g;s;g;s;na;ag;gs;sg;gs
non-amyloid;n;a;n;a;s;s;na;an;na;as;ss
non-amyloid;n;a;n;t;s;n;na;an;nt;ts;sn
non-amyloid;n;a;q;a;q;p;na;aq;qa;aq;qp
non-amyloid;n;a;t;a;h;q;na;at;ta;ah;hq
non-amyloid;n;a;t;k;k;v;na;at;tk;kk;kv
amyloid;n;a;t;v;y;v;na;at;tv;vy;yv
non-amyloid;n;d;f;q;k;q;nd;df;fq;qk;kq
non-amyloid;n;d;n;n;n;n;nd;dn;nn;nn;nn
non-amyloid;n;d;n;n;s;n;nd;dn;nn;ns;sn
non-amyloid;n;e;n;g;n;a;ne;en;ng;gn;na
non-amyloid;n;f;f;i;q;s;nf;ff;fi;iq;qs
non-amyloid;n;f;f;w;l;l;nf;ff;fw;wl;ll
non-amyloid;n;f;g;a;f;s;nf;fg;ga;af;fs
amyloid;n;f;g;a;i;l;nf;fg;ga;ai;il
amyloid;n;f;g;e;f;s;nf;fg;ge;ef;fs
amyloid;n;f;g;s;v;q;nf;fg;gs;sv;vq
non-amyloid;n;f;g;t;f;s;nf;fg;gt;tf;fs
amyloid;n;f;l;v;h;s;nf;fl;lv;vh;hs
non-amyloid;n;f;n;n;g;n;nf;fn;nn;ng;gn
non-amyloid;n;f;n;y;n;n;nf;fn;ny;yn;nn
amyloid;n;f;v;n;y;s;nf;fv;vn;ny;ys
non-amyloid;n;g;a;a;v;d;ng;ga;aa;av;vd
non-amyloid;n;g;a;d;v;g;ng;ga;ad;dv;vg
non-amyloid;n;g;e;r;i;e;ng;ge;er;ri;ie
non-amyloid;n;g;i;v;i;v;ng;gi;iv;vi;iv
non-amyloid;n;g;k;s;n;f;ng;gk;ks;sn;nf
non-amyloid;n;g;n;l;s;n;ng;gn;nl;ls;sn
non-amyloid;n;g;n;l;t;s;ng;gn;nl;lt;ts
non-amyloid;n;g;n;n;s;n;ng;gn;nn;ns;sn
non-amyloid;n;g;n;q;n;r;ng;gn;nq;qn;nr
non-amyloid;n;g;n;q;q;q;ng;gn;nq;qq;qq
amyloid;n;h;f;c;i;q;nh;hf;fc;ci;iq
non-amyloid;n;h;g;g;g;g;nh;hg;gg;gg;gg
amyloid;n;h;v;t;l;s;nh;hv;vt;tl;ls
non-amyloid;n;i;d;q;s;f;ni;id;dq;qs;sf
amyloid;n;i;f;n;f;t;ni;if;fn;nf;ft
amyloid;n;i;f;n;i;t;ni;if;fn;ni;it
amyloid;n;i;f;w;v;q;ni;if;fw;wv;vq
non-amyloid;n;i;g;n;n;s;ni;ig;gn;nn;ns
non-amyloid;n;i;g;q;s;f;ni;ig;gq;qs;sf
amyloid;n;i;n;f;f;t;ni;in;nf;ff;ft
amyloid;n;i;n;f;i;t;ni;in;nf;fi;it
non-amyloid;n;i;n;i;n;v;ni;in;ni;in;nv
amyloid;n;i;n;k;s;n;ni;in;nk;ks;sn
non-amyloid;n;i;n;n;n;n;ni;in;nn;nn;nn
non-amyloid;n;i;n;n;s;i;ni;in;nn;ns;si
non-amyloid;n;i;n;n;s;t;ni;in;nn;ns;st
non-amyloid;n;i;q;y;q;f;ni;iq;qy;yq;qf
non-amyloid;n;i;s;n;n;n;ni;is;sn;nn;nn
non-amyloid;n;i;v;l;i;m;ni;iv;vl;li;im
non-amyloid;n;i;y;q;y;g;ni;iy;yq;qy;yg
non-amyloid;n;k;f;g;g;p;nk;kf;fg;gg;gp
amyloid;n;k;g;a;i;i;nk;kg;ga;ai;ii
amyloid;n;l;f;y;q;l;nl;lf;fy;yq;ql
non-amyloid;n;l;g;p;v;l;nl;lg;gp;pv;vl
non-amyloid;n;l;q;g;y;q;nl;lq;qg;gy;yq
non-amyloid;n;l;y;t;d;r;nl;ly;yt;td;dr
non-amyloid;n;m;g;g;g;m;nm;mg;gg;gg;gm
non-amyloid;n;m;n;m;n;l;nm;mn;nm;mn;nl
non-amyloid;n;n;a;t;a;h;nn;na;at;ta;ah
non-amyloid;n;n;g;g;n;n;nn;ng;gg;gn;nn
non-amyloid;n;n;l;q;g;y;nn;nl;lq;qg;gy
non-amyloid;n;n;n;g;n;q;nn;nn;ng;gn;nq
non-amyloid;n;n;n;i;s;n;nn;nn;ni;is;sn
non-amyloid;n;n;n;i;s;v;nn;nn;ni;is;sv
non-amyloid;n;n;n;k;n;n;nn;nn;nk;kn;nn
non-amyloid;n;n;n;l;q;g;nn;nn;nl;lq;qg
non-amyloid;n;n;n;n;n;e;nn;nn;nn;nn;ne
non-amyloid;n;n;n;n;s;n;nn;nn;nn;ns;sn
non-amyloid;n;n;n;n;t;n;nn;nn;nn;nt;tn
non-amyloid;n;n;n;r;g;g;nn;nn;nr;rg;gg
non-amyloid;n;n;n;s;s;s;nn;nn;ns;ss;ss
amyloid;n;n;n;w;s;l;nn;nn;nw;ws;sl
amyloid;n;n;q;n;t;f;nn;nq;qn;nt;tf
amyloid;n;n;q;q;n;y;nn;nq;qq;qn;ny
non-amyloid;n;n;q;q;n;y;nn;nq;qq;qn;ny
non-amyloid;n;n;r;y;q;g;nn;nr;ry;yq;qg
amyloid;n;n;s;g;p;n;nn;ns;sg;gp;pn
non-amyloid;n;n;s;y;s;g;nn;ns;sy;ys;sg
non-amyloid;n;n;t;i;f;v;nn;nt;ti;if;fv
non-amyloid;n;p;a;m;m;a;np;pa;am;mm;ma
non-amyloid;n;p;d;a;g;y;np;pd;da;ag;gy
non-amyloid;n;p;q;g;g;r;np;pq;qg;gg;gr
non-amyloid;n;p;q;g;g;y;np;pq;qg;gg;gy
amyloid;n;q;f;i;i;s;nq;qf;fi;ii;is
amyloid;n;q;f;n;l;m;nq;qf;fn;nl;lm
non-amyloid;n;q;g;n;n;q;nq;qg;gn;nn;nq
non-amyloid;n;q;g;y;n;t;nq;qg;gy;yn;nt
amyloid;n;q;i;v;y;k;nq;qi;iv;vy;yk
non-amyloid;n;q;n;m;n;n;nq;qn;nm;mn;nn
amyloid;n;q;n;n;f;v;nq;qn;nn;nf;fv
amyloid;n;q;q;n;q;y;nq;qq;qn;nq;qy
non-amyloid;n;q;q;n;y;q;nq;qq;qn;ny;yq
non-amyloid;n;q;q;q;g;n;nq;qq;qq;qg;gn
non-amyloid;n;q;s;c;p;s;nq;qs;sc;cp;ps
non-amyloid;n;q;s;g;f;g;nq;qs;sg;gf;fg
non-amyloid;n;q;y;n;s;s;nq;qy;yn;ns;ss
non-amyloid;n;r;y;q;g;y;nr;ry;yq;qg;gy
non-amyloid;n;s;a;l;a;l;ns;sa;al;la;al
non-amyloid;n;s;a;t;l;d;ns;sa;at;tl;ld
non-amyloid;n;s;g;a;a;i;ns;sg;ga;aa;ai
non-amyloid;n;s;n;i;n;q;ns;sn;ni;in;nq
non-amyloid;n;s;n;l;t;a;ns;sn;nl;lt;ta
non-amyloid;n;s;n;n;s;n;ns;sn;nn;ns;sn
non-amyloid;n;s;n;s;s;n;ns;sn;ns;ss;sn
non-amyloid;n;s;n;t;n;t;ns;sn;nt;tn;nt
non-amyloid;n;s;n;t;t;k;ns;sn;nt;tt;tk
non-amyloid;n;s;n;y;t;q;ns;sn;ny;yt;tq
non-amyloid;n;s;s;f;n;g;ns;ss;sf;fn;ng
non-amyloid;n;s;y;s;g;s;ns;sy;ys;sg;gs
non-amyloid;n;t;i;f;v;q;nt;ti;if;fv;vq
non-amyloid;n;t;n;n;t;s;nt;tn;nn;nt;ts
amyloid;n;t;v;i;i;e;nt;tv;vi;ii;ie
non-amyloid;n;v;a;m;h;v;nv;va;am;mh;hv
non-amyloid;n;v;a;v;h;v;nv;va;av;vh;hv
non-amyloid;n;v;n;f;s;n;nv;vn;nf;fs;sn
non-amyloid;n;v;t;q;v;g;nv;vt;tq;qv;vg
amyloid;n;y;c;n;f;v;ny;yc;cn;nf;fv
non-amyloid;n;y;f;a;i;r;ny;yf;fa;ai;ir
non-amyloid;n;y;k;n;f;n;ny;yk;kn;nf;fn
non-amyloid;n;y;n;n;n;l;ny;yn;nn;nn;nl
non-amyloid;n;y;n;n;s;g;ny;yn;nn;ns;sg
non-amyloid;n;y;n;n;s;s;ny;yn;nn;ns;ss
non-amyloid;n;y;n;t;y;r;ny;yn;nt;ty;yr
non-amyloid;n;y;q;g;y;s;ny;yq;qg;gy;ys
non-amyloid;n;y;q;q;y;s;ny;yq;qq;qy;ys
amyloid;n;y;v;w;i;v;ny;yv;vw;wi;iv
non-amyloid;p;a;e;s;d;k;pa;ae;es;sd;dk
non-amyloid;p;a;g;g;y;y;pa;ag;gg;gy;yy
non-amyloid;p;a;m;m;a;a;pa;am;mm;ma;aa
non-amyloid;p;a;t;v;y;v;pa;at;tv;vy;yv
non-amyloid;p;d;a;g;y;q;pd;da;ag;gy;yq
non-amyloid;p;g;g;f;g;n;pg;gg;gf;fg;gn
non-amyloid;p;k;i;q;v;y;pk;ki;iq;qv;vy
non-amyloid;p;k;k;t;l;k;pk;kk;kt;tl;lk
non-amyloid;p;k;p;k;k;t;pk;kp;pk;kk;kt
non-amyloid;p;k;v;e;d;l;pk;kv;ve;ed;dl
non-amyloid;p;m;i;n;l;y;pm;mi;in;nl;ly
non-amyloid;p;n;g;i;t;l;pn;ng;gi;it;tl
non-amyloid;p;n;s;a;n;s;pn;ns;sa;an;ns
non-amyloid;p;n;v;i;t;l;pn;nv;vi;it;tl
non-amyloid;p;q;g;g;r;g;pq;qg;gg;gr;rg
non-amyloid;p;q;g;g;y;q;pq;qg;gg;gy;yq
non-amyloid;p;q;i;v;y;k;pq;qi;iv;vy;yk
non-amyloid;p;q;s;q;g;m;pq;qs;sq;qg;gm
non-amyloid;p;q;y;g;g;g;pq;qy;yg;gg;gg
non-amyloid;p;s;d;i;e;v;ps;sd;di;ie;ev
non-amyloid;p;s;g;n;n;q;ps;sg;gn;nn;nq
non-amyloid;p;t;e;k;d;e;pt;te;ek;kd;de
non-amyloid;p;t;k;v;e;e;pt;tk;kv;ve;ee
non-amyloid;p;t;r;c;c;p;pt;tr;rc;cc;cp
non-amyloid;p;t;r;e;p;t;pt;tr;re;ep;pt
non-amyloid;p;t;v;i;i;e;pt;tv;vi;ii;ie
non-amyloid;p;v;k;k;e;e;pv;vk;kk;ke;ee
non-amyloid;p;v;q;t;e;e;pv;vq;qt;te;ee
non-amyloid;p;y;g;q;q;s;py;yg;gq;qq;qs
non-amyloid;q;a;a;l;q;s;qa;aa;al;lq;qs
non-amyloid;q;a;a;p;k;p;qa;aa;ap;pk;kp
non-amyloid;q;a;g;f;q;p;qa;ag;gf;fq;qp
amyloid;q;a;n;k;h;i;qa;an;nk;kh;hi
non-amyloid;q;a;q;n;q;w;qa;aq;qn;nq;qw
non-amyloid;q;a;q;p;a;g;qa;aq;qp;pa;ag
amyloid;q;a;t;v;y;v;qa;at;tv;vy;yv
non-amyloid;q;a;y;n;a;q;qa;ay;yn;na;aq
amyloid;q;e;m;r;h;f;qe;em;mr;rh;hf
amyloid;q;f;f;l;q;f;qf;ff;fl;lq;qf
non-amyloid;q;f;g;g;g;n;qf;fg;gg;gg;gn
non-amyloid;q;f;n;p;q;g;qf;fn;np;pq;qg
non-amyloid;q;g;f;n;n;q;qg;gf;fn;nn;nq
non-amyloid;q;g;g;r;g;n;qg;gg;gr;rg;gn
non-amyloid;q;g;g;y;q;q;qg;gg;gy;yq;qq
non-amyloid;q;g;m;s;l;n;qg;gm;ms;sl;ln
non-amyloid;q;g;n;n;q;q;qg;gn;nn;nq;qq
non-amyloid;q;g;n;n;r;y;qg;gn;nn;nr;ry
amyloid;q;g;v;c;f;r;qg;gv;vc;cf;fr
non-amyloid;q;g;y;q;a;g;qg;gy;yq;qa;ag
non-amyloid;q;g;y;q;a;y;qg;gy;yq;qa;ay
non-amyloid;q;g;y;s;g;y;qg;gy;ys;sg;gy
non-amyloid;q;h;g;g;g;n;qh;hg;gg;gg;gn
non-amyloid;q;i;g;i;i;k;qi;ig;gi;ii;ik
amyloid;q;i;l;l;w;s;qi;il;ll;lw;ws
non-amyloid;q;k;q;a;a;p;qk;kq;qa;aa;ap
non-amyloid;q;k;q;q;k;q;qk;kq;qq;qk;kq
amyloid;q;l;e;n;y;c;ql;le;en;ny;yc
amyloid;q;l;f;i;n;f;ql;lf;fi;in;nf
non-amyloid;q;l;f;i;n;n;ql;lf;fi;in;nn
amyloid;q;l;f;l;q;i;ql;lf;fl;lq;qi
non-amyloid;q;n;g;n;q;q;qn;ng;gn;nq;qq
amyloid;q;n;l;l;w;q;qn;nl;ll;lw;wq
non-amyloid;q;n;q;s;c;p;qn;nq;qs;sc;cp
non-amyloid;q;n;q;s;g;p;qn;nq;qs;sg;gp
non-amyloid;q;n;q;y;n;s;qn;nq;qy;yn;ns
non-amyloid;q;n;s;l;n;m;qn;ns;sl;ln;nm
non-amyloid;q;n;y;q;g;y;qn;ny;yq;qg;gy
non-amyloid;q;n;y;q;q;y;qn;ny;yq;qq;qy
non-amyloid;q;p;a;g;g;y;qp;pa;ag;gg;gy
non-amyloid;q;p;k;i;v;k;qp;pk;ki;iv;vk
non-amyloid;q;p;m;i;n;l;qp;pm;mi;in;nl
non-amyloid;q;p;q;s;q;g;qp;pq;qs;sq;qg
non-amyloid;q;q;f;n;p;q;qq;qf;fn;np;pq
non-amyloid;q;q;g;g;y;q;qq;qg;gg;gy;yq
non-amyloid;q;q;g;n;n;r;qq;qg;gn;nn;nr
amyloid;q;q;i;v;y;k;qq;qi;iv;vy;yk
non-amyloid;q;q;k;q;a;a;qq;qk;kq;qa;aa
non-amyloid;q;q;n;q;s;c;qq;qn;nq;qs;sc
non-amyloid;q;q;n;q;s;g;qq;qn;nq;qs;sg
non-amyloid;q;q;n;q;y;n;qq;qn;nq;qy;yn
non-amyloid;q;q;n;t;s;f;qq;qn;nt;ts;sf
non-amyloid;q;q;n;y;q;q;qq;qn;ny;yq;qq
non-amyloid;q;q;n;y;s;k;qq;qn;ny;ys;sk
non-amyloid;q;q;q;f;n;p;qq;qq;qf;fn;np
non-amyloid;q;q;q;g;n;n;qq;qq;qg;gn;nn
non-amyloid;q;q;q;s;y;g;qq;qq;qs;sy;yg
non-amyloid;q;q;q;s;y;n;qq;qq;qs;sy;yn
non-amyloid;q;q;q;y;n;p;qq;qq;qy;yn;np
amyloid;q;q;s;l;f;q;qq;qs;sl;lf;fq
non-amyloid;q;q;s;y;g;q;qq;qs;sy;yg;gq
non-amyloid;q;q;s;y;n;p;qq;qs;sy;yn;np
non-amyloid;q;q;s;y;s;g;qq;qs;sy;ys;sg
non-amyloid;q;q;y;n;p;d;qq;qy;yn;np;pd
non-amyloid;q;q;y;n;p;q;qq;qy;yn;np;pq
non-amyloid;q;q;y;s;q;n;qq;qy;ys;sq;qn
non-amyloid;q;r;g;f;g;n;qr;rg;gf;fg;gn
non-amyloid;q;s;c;p;s;g;qs;sc;cp;ps;sg
non-amyloid;q;s;g;f;g;n;qs;sg;gf;fg;gn
non-amyloid;q;s;q;g;m;s;qs;sq;qg;gm;ms
non-amyloid;q;s;s;w;g;m;qs;ss;sw;wg;gm
non-amyloid;q;s;s;y;s;s;qs;ss;sy;ys;ss
non-amyloid;q;s;y;g;q;q;qs;sy;yg;gq;qq
non-amyloid;q;s;y;n;p;p;qs;sy;yn;np;pp
non-amyloid;q;s;y;s;g;y;qs;sy;ys;sg;gy
non-amyloid;q;t;d;a;r;n;qt;td;da;ar;rn
non-amyloid;q;t;e;e;k;k;qt;te;ee;ek;kk
amyloid;q;t;f;l;v;n;qt;tf;fl;lv;vn
non-amyloid;q;t;f;n;l;f;qt;tf;fn;nl;lf
non-amyloid;q;t;n;l;y;g;qt;tn;nl;ly;yg
amyloid;q;t;v;i;i;e;qt;tv;vi;ii;ie
non-amyloid;q;v;g;f;g;n;qv;vg;gf;fg;gn
non-amyloid;q;v;v;h;i;g;qv;vv;vh;hi;ig
non-amyloid;q;v;v;p;i;g;qv;vv;vp;pi;ig
non-amyloid;q;w;n;g;k;n;qw;wn;ng;gk;kn
amyloid;q;y;f;e;q;f;qy;yf;fe;eq;qf
non-amyloid;q;y;g;g;g;g;qy;yg;gg;gg;gg
non-amyloid;q;y;g;g;g;n;qy;yg;gg;gg;gn
amyloid;q;y;g;g;n;a;qy;yg;gg;gn;na
amyloid;q;y;g;g;n;n;qy;yg;gg;gn;nn
non-amyloid;q;y;n;n;s;n;qy;yn;nn;ns;sn
non-amyloid;q;y;n;p;d;a;qy;yn;np;pd;da
non-amyloid;q;y;n;p;q;g;qy;yn;np;pq;qg
non-amyloid;q;y;s;q;n;g;qy;ys;sq;qn;ng
amyloid;r;a;t;v;y;v;ra;at;tv;vy;yv
non-amyloid;r;e;p;t;k;v;re;ep;pt;tk;kv
non-amyloid;r;e;t;w;f;f;re;et;tw;wf;ff
non-amyloid;r;g;f;f;y;t;rg;gf;ff;fy;yt
non-amyloid;r;g;f;g;n;s;rg;gf;fg;gn;ns
non-amyloid;r;g;g;f;n;k;rg;gg;gf;fn;nk
non-amyloid;r;g;n;y;k;n;rg;gn;ny;yk;kn
non-amyloid;r;i;g;i;a;q;ri;ig;gi;ia;aq
non-amyloid;r;l;s;n;n;i;rl;ls;sn;nn;ni
non-amyloid;r;l;v;f;i;d;rl;lv;vf;fi;id
non-amyloid;r;m;f;n;i;i;rm;mf;fn;ni;ii
non-amyloid;r;n;l;t;k;d;rn;nl;lt;tk;kd
non-amyloid;r;q;f;n;q;t;rq;qf;fn;nq;qt
non-amyloid;r;q;i;v;y;k;rq;qi;iv;vy;yk
non-amyloid;r;q;n;q;s;g;rq;qn;nq;qs;sg
amyloid;r;q;v;l;i;f;rq;qv;vl;li;if
non-amyloid;r;t;p;k;i;q;rt;tp;pk;ki;iq
amyloid;r;t;v;i;i;e;rt;tv;vi;ii;ie
non-amyloid;r;v;a;f;f;e;rv;va;af;ff;fe
amyloid;r;v;f;n;i;m;rv;vf;fn;ni;im
non-amyloid;r;v;n;h;v;t;rv;vn;nh;hv;vt
non-amyloid;r;v;n;n;n;a;rv;vn;nn;nn;na
non-amyloid;r;y;q;g;y;q;ry;yq;qg;gy;yq
non-amyloid;s;a;e;t;k;e;sa;ae;et;tk;ke
amyloid;s;a;l;a;l;q;sa;al;la;al;lq
non-amyloid;s;a;s;n;a;g;sa;as;sn;na;ag
non-amyloid;s;a;t;l;d;q;sa;at;tl;ld;dq
amyloid;s;a;t;v;y;v;sa;at;tv;vy;yv
amyloid;s;a;v;i;i;e;sa;av;vi;ii;ie
non-amyloid;s;c;n;n;n;n;sc;cn;nn;nn;nn
non-amyloid;s;c;p;s;g;n;sc;cp;ps;sg;gn
non-amyloid;s;d;k;k;e;e;sd;dk;kk;ke;ee
non-amyloid;s;d;l;s;f;s;sd;dl;ls;sf;fs
non-amyloid;s;d;l;t;i;t;sd;dl;lt;ti;it
non-amyloid;s;d;n;n;t;i;sd;dn;nn;nt;ti
non-amyloid;s;d;s;n;q;g;sd;ds;sn;nq;qg
amyloid;s;d;v;i;i;e;sd;dv;vi;ii;ie
amyloid;s;e;l;n;i;y;se;el;ln;ni;iy
non-amyloid;s;e;l;p;k;v;se;el;lp;pk;kv
non-amyloid;s;e;m;t;v;k;se;em;mt;tv;vk
amyloid;s;e;v;i;i;e;se;ev;vi;ii;ie
amyloid;s;f;f;f;i;q;sf;ff;ff;fi;iq
amyloid;s;f;l;i;f;l;sf;fl;li;if;fl
amyloid;s;f;q;i;y;a;sf;fq;qi;iy;ya
amyloid;s;f;v;i;i;e;sf;fv;vi;ii;ie
non-amyloid;s;g;a;a;i;g;sg;ga;aa;ai;ig
non-amyloid;s;g;d;h;c;i;sg;gd;dh;hc;ci
non-amyloid;s;g;f;g;n;s;sg;gf;fg;gn;ns
non-amyloid;s;g;f;h;p;s;sg;gf;fh;hp;ps
non-amyloid;s;g;i;k;l;a;sg;gi;ik;kl;la
non-amyloid;s;g;s;g;f;n;sg;gs;sg;gf;fn
non-amyloid;s;g;s;n;s;g;sg;gs;sn;ns;sg
amyloid;s;g;v;i;i;e;sg;gv;vi;ii;ie
non-amyloid;s;g;y;q;q;g;sg;gy;yq;qq;qg
non-amyloid;s;h;l;v;e;a;sh;hl;lv;ve;ea
non-amyloid;s;h;v;i;i;e;sh;hv;vi;ii;ie
non-amyloid;s;i;d;l;t;q;si;id;dl;lt;tq
non-amyloid;s;i;e;d;s;v;si;ie;ed;ds;sv
non-amyloid;s;i;n;p;a;m;si;in;np;pa;am
amyloid;s;i;v;i;i;e;si;iv;vi;ii;ie
non-amyloid;s;k;v;i;i;e;sk;kv;vi;ii;ie
non-amyloid;s;l;n;d;f;q;sl;ln;nd;df;fq
non-amyloid;s;l;s;g;d;h;sl;ls;sg;gd;dh
amyloid;s;l;v;i;i;e;sl;lv;vi;ii;ie
non-amyloid;s;l;y;q;l;e;sl;ly;yq;ql;le
amyloid;s;m;v;i;i;e;sm;mv;vi;ii;ie
amyloid;s;m;v;l;f;s;sm;mv;vl;lf;fs
non-amyloid;s;n;a;g;s;g;sn;na;ag;gs;sg
non-amyloid;s;n;g;i;v;i;sn;ng;gi;iv;vi
non-amyloid;s;n;m;g;g;g;sn;nm;mg;gg;gg
non-amyloid;s;n;n;f;g;a;sn;nn;nf;fg;ga
non-amyloid;s;n;n;s;n;i;sn;nn;ns;sn;ni
non-amyloid;s;n;q;g;n;n;sn;nq;qg;gn;nn
amyloid;s;n;q;n;n;f;sn;nq;qn;nn;nf
non-amyloid;s;n;s;g;a;a;sn;ns;sg;ga;aa
non-amyloid;s;n;t;n;n;t;sn;nt;tn;nn;nt
amyloid;s;n;v;i;i;e;sn;nv;vi;ii;ie
non-amyloid;s;p;v;i;i;e;sp;pv;vi;ii;ie
amyloid;s;q;a;i;i;h;sq;qa;ai;ii;ih
amyloid;s;q;f;y;i;t;sq;qf;fy;yi;it
non-amyloid;s;q;g;m;s;l;sq;qg;gm;ms;sl
amyloid;s;q;i;v;y;k;sq;qi;iv;vy;yk
non-amyloid;s;q;n;g;n;q;sq;qn;ng;gn;nq
non-amyloid;s;q;q;n;q;s;sq;qq;qn;nq;qs
amyloid;s;q;v;i;i;e;sq;qv;vi;ii;ie
non-amyloid;s;r;h;p;a;e;sr;rh;hp;pa;ae
non-amyloid;s;r;q;n;q;s;sr;rq;qn;nq;qs
non-amyloid;s;r;v;i;i;e;sr;rv;vi;ii;ie
non-amyloid;s;s;g;i;k;l;ss;sg;gi;ik;kl
non-amyloid;s;s;i;d;l;t;ss;si;id;dl;lt
amyloid;s;s;n;n;f;g;ss;sn;nn;nf;fg
non-amyloid;s;s;n;n;n;s;ss;sn;nn;nn;ns
amyloid;s;s;q;v;t;q;ss;sq;qv;vt;tq
non-amyloid;s;s;s;g;i;k;ss;ss;sg;gi;ik
amyloid;s;s;t;n;v;g;ss;st;tn;nv;vg
amyloid;s;s;t;s;a;a;ss;st;ts;sa;aa
amyloid;s;s;v;i;i;e;ss;sv;vi;ii;ie
non-amyloid;s;s;v;n;v;t;ss;sv;vn;nv;vt
non-amyloid;s;s;w;g;m;m;ss;sw;wg;gm;mm
non-amyloid;s;s;y;s;s;y;ss;sy;ys;ss;sy
non-amyloid;s;t;a;d;w;e;st;ta;ad;dw;we
non-amyloid;s;t;a;i;i;e;st;ta;ai;ii;ie
non-amyloid;s;t;d;i;i;e;st;td;di;ii;ie
amyloid;s;t;e;i;i;e;st;te;ei;ii;ie
amyloid;s;t;f;i;f;e;st;tf;fi;if;fe
amyloid;s;t;f;i;i;e;st;tf;fi;ii;ie
amyloid;s;t;f;l;i;e;st;tf;fl;li;ie
amyloid;s;t;f;t;f;e;st;tf;ft;tf;fe
non-amyloid;s;t;f;t;i;e;st;tf;ft;ti;ie
non-amyloid;s;t;g;i;i;e;st;tg;gi;ii;ie
non-amyloid;s;t;h;i;i;e;st;th;hi;ii;ie
non-amyloid;s;t;i;i;i;e;st;ti;ii;ii;ie
non-amyloid;s;t;k;i;i;e;st;tk;ki;ii;ie
non-amyloid;s;t;l;i;f;e;st;tl;li;if;fe
amyloid;s;t;l;i;i;e;st;tl;li;ii;ie
non-amyloid;s;t;l;i;y;e;st;tl;li;iy;ye
non-amyloid;s;t;l;l;i;e;st;tl;ll;li;ie
non-amyloid;s;t;l;l;y;e;st;tl;ll;ly;ye
non-amyloid;s;t;l;t;f;e;st;tl;lt;tf;fe
non-amyloid;s;t;l;t;i;e;st;tl;lt;ti;ie
non-amyloid;s;t;m;i;i;e;st;tm;mi;ii;ie
amyloid;s;t;m;s;i;t;st;tm;ms;si;it
non-amyloid;s;t;n;i;f;e;st;tn;ni;if;fe
amyloid;s;t;n;i;i;e;st;tn;ni;ii;ie
non-amyloid;s;t;n;i;y;e;st;tn;ni;iy;ye
non-amyloid;s;t;n;n;t;n;st;tn;nn;nt;tn
non-amyloid;s;t;n;s;n;t;st;tn;ns;sn;nt
non-amyloid;s;t;n;t;f;e;st;tn;nt;tf;fe
non-amyloid;s;t;n;t;i;e;st;tn;nt;ti;ie
non-amyloid;s;t;p;i;i;e;st;tp;pi;ii;ie
non-amyloid;s;t;q;i;f;e;st;tq;qi;if;fe
amyloid;s;t;q;i;i;e;st;tq;qi;ii;ie
non-amyloid;s;t;q;i;y;e;st;tq;qi;iy;ye
non-amyloid;s;t;r;i;i;e;st;tr;ri;ii;ie
amyloid;s;t;s;i;i;e;st;ts;si;ii;ie
non-amyloid;s;t;t;i;i;e;st;tt;ti;ii;ie
non-amyloid;s;t;t;v;v;t;st;tt;tv;vv;vt
non-amyloid;s;t;v;a;i;e;st;tv;va;ai;ie
non-amyloid;s;t;v;d;i;e;st;tv;vd;di;ie
amyloid;s;t;v;e;i;e;st;tv;ve;ei;ie
amyloid;s;t;v;f;i;e;st;tv;vf;fi;ie
non-amyloid;s;t;v;g;i;e;st;tv;vg;gi;ie
non-amyloid;s;t;v;h;i;e;st;tv;vh;hi;ie
non-amyloid;s;t;v;i;a;e;st;tv;vi;ia;ae
non-amyloid;s;t;v;i;d;e;st;tv;vi;id;de
non-amyloid;s;t;v;i;e;e;st;tv;vi;ie;ee
amyloid;s;t;v;i;f;e;st;tv;vi;if;fe
non-amyloid;s;t;v;i;g;e;st;tv;vi;ig;ge
non-amyloid;s;t;v;i;h;e;st;tv;vi;ih;he
amyloid;s;t;v;i;i;a;st;tv;vi;ii;ia
amyloid;s;t;v;i;i;d;st;tv;vi;ii;id
amyloid;s;t;v;i;i;e;st;tv;vi;ii;ie
amyloid;s;t;v;i;i;f;st;tv;vi;ii;if
amyloid;s;t;v;i;i;g;st;tv;vi;ii;ig
non-amyloid;s;t;v;i;i;h;st;tv;vi;ii;ih
amyloid;s;t;v;i;i;i;st;tv;vi;ii;ii
non-amyloid;s;t;v;i;i;k;st;tv;vi;ii;ik
amyloid;s;t;v;i;i;l;st;tv;vi;ii;il
amyloid;s;t;v;i;i;m;st;tv;vi;ii;im
amyloid;s;t;v;i;i;n;st;tv;vi;ii;in
non-amyloid;s;t;v;i;i;p;st;tv;vi;ii;ip
amyloid;s;t;v;i;i;q;st;tv;vi;ii;iq
non-amyloid;s;t;v;i;i;r;st;tv;vi;ii;ir
amyloid;s;t;v;i;i;s;st;tv;vi;ii;is
amyloid;s;t;v;i;i;t;st;tv;vi;ii;it
amyloid;s;t;v;i;i;v;st;tv;vi;ii;iv
amyloid;s;t;v;i;i;w;st;tv;vi;ii;iw
amyloid;s;t;v;i;i;y;st;tv;vi;ii;iy
non-amyloid;s;t;v;i;k;e;st;tv;vi;ik;ke
non-amyloid;s;t;v;i;k;t;st;tv;vi;ik;kt
non-amyloid;s;t;v;i;l;e;st;tv;vi;il;le
non-amyloid;s;t;v;i;m;e;st;tv;vi;im;me
non-amyloid;s;t;v;i;n;e;st;tv;vi;in;ne
non-amyloid;s;t;v;i;p;e;st;tv;vi;ip;pe
non-amyloid;s;t;v;i;q;e;st;tv;vi;iq;qe
non-amyloid;s;t;v;i;r;e;st;tv;vi;ir;re
non-amyloid;s;t;v;i;s;e;st;tv;vi;is;se
non-amyloid;s;t;v;i;t;e;st;tv;vi;it;te
non-amyloid;s;t;v;i;v;e;st;tv;vi;iv;ve
non-amyloid;s;t;v;i;w;e;st;tv;vi;iw;we
amyloid;s;t;v;i;y;e;st;tv;vi;iy;ye
non-amyloid;s;t;v;k;i;e;st;tv;vk;ki;ie
amyloid;s;t;v;l;i;e;st;tv;vl;li;ie
non-amyloid;s;t;v;m;i;e;st;tv;vm;mi;ie
amyloid;s;t;v;n;i;e;st;tv;vn;ni;ie
non-amyloid;s;t;v;p;i;e;st;tv;vp;pi;ie
non-amyloid;s;t;v;q;i;e;st;tv;vq;qi;ie
non-amyloid;s;t;v;r;i;e;st;tv;vr;ri;ie
non-amyloid;s;t;v;s;i;e;st;tv;vs;si;ie
non-amyloid;s;t;v;t;f;e;st;tv;vt;tf;fe
amyloid;s;t;v;t;i;e;st;tv;vt;ti;ie
non-amyloid;s;t;v;v;i;e;st;tv;vv;vi;ie
amyloid;s;t;v;w;i;e;st;tv;vw;wi;ie
amyloid;s;t;v;y;i;e;st;tv;vy;yi;ie
amyloid;s;t;w;i;f;e;st;tw;wi;if;fe
amyloid;s;t;w;i;i;e;st;tw;wi;ii;ie
amyloid;s;t;w;i;y;e;st;tw;wi;iy;ye
amyloid;s;t;w;l;i;e;st;tw;wl;li;ie
non-amyloid;s;t;w;t;f;e;st;tw;wt;tf;fe
non-amyloid;s;t;w;t;i;e;st;tw;wt;ti;ie
non-amyloid;s;t;y;i;i;e;st;ty;yi;ii;ie
non-amyloid;s;v;i;s;l;s;sv;vi;is;sl;ls
amyloid;s;v;n;l;d;v;sv;vn;nl;ld;dv
non-amyloid;s;v;n;v;t;q;sv;vn;nv;vt;tq
amyloid;s;v;s;s;s;y;sv;vs;ss;ss;sy
amyloid;s;v;v;i;i;e;sv;vv;vi;ii;ie
non-amyloid;s;w;g;m;m;g;sw;wg;gm;mm;mg
non-amyloid;s;w;v;i;i;e;sw;wv;vi;ii;ie
non-amyloid;s;y;l;c;d;l;sy;yl;lc;cd;dl
non-amyloid;s;y;l;y;d;l;sy;yl;ly;yd;dl
non-amyloid;s;y;n;n;n;n;sy;yn;nn;nn;nn
non-amyloid;s;y;s;g;s;n;sy;ys;sg;gs;sn
amyloid;s;y;s;t;m;s;sy;ys;st;tm;ms
amyloid;s;y;v;i;i;e;sy;yv;vi;ii;ie
non-amyloid;t;a;a;h;c;f;ta;aa;ah;hc;cf
non-amyloid;t;a;e;l;i;t;ta;ae;el;li;it
amyloid;t;a;m;i;i;q;ta;am;mi;ii;iq
amyloid;t;a;m;l;g;t;ta;am;ml;lg;gt
amyloid;t;a;s;n;s;s;ta;as;sn;ns;ss
amyloid;t;a;t;v;y;v;ta;at;tv;vy;yv
non-amyloid;t;a;v;h;c;f;ta;av;vh;hc;cf
amyloid;t;a;v;t;h;r;ta;av;vt;th;hr
non-amyloid;t;a;v;t;t;g;ta;av;vt;tt;tg
amyloid;t;a;v;v;t;n;ta;av;vv;vt;tn
non-amyloid;t;a;w;y;a;e;ta;aw;wy;ya;ae
amyloid;t;c;m;l;g;t;tc;cm;ml;lg;gt
amyloid;t;c;v;t;h;r;tc;cv;vt;th;hr
non-amyloid;t;d;e;t;v;i;td;de;et;tv;vi
non-amyloid;t;e;e;k;k;e;te;ee;ek;kk;ke
non-amyloid;t;e;f;t;p;t;te;ef;ft;tp;pt
amyloid;t;f;q;i;n;s;tf;fq;qi;in;ns
non-amyloid;t;f;s;i;n;p;tf;fs;si;in;np
non-amyloid;t;f;w;e;i;s;tf;fw;we;ei;is
amyloid;t;g;e;l;a;t;tg;ge;el;la;at
non-amyloid;t;g;v;t;i;i;tg;gv;vt;ti;ii
non-amyloid;t;g;v;v;v;v;tg;gv;vv;vv;vv
amyloid;t;i;i;t;l;e;ti;ii;it;tl;le
amyloid;t;i;i;t;v;t;ti;ii;it;tv;vt
non-amyloid;t;i;t;q;h;g;ti;it;tq;qh;hg
non-amyloid;t;k;e;p;t;r;tk;ke;ep;pt;tr
non-amyloid;t;k;k;v;d;t;tk;kk;kv;vd;dt
non-amyloid;t;k;p;a;e;s;tk;kp;pa;ae;es
non-amyloid;t;k;v;e;e;p;tk;kv;ve;ee;ep
non-amyloid;t;l;d;q;w;n;tl;ld;dq;qw;wn
non-amyloid;t;l;k;l;v;s;tl;lk;kl;lv;vs
non-amyloid;t;l;k;n;y;i;tl;lk;kn;ny;yi
non-amyloid;t;n;e;l;y;m;tn;ne;el;ly;ym
non-amyloid;t;n;n;n;t;n;tn;nn;nn;nt;tn
non-amyloid;t;q;h;g;g;g;tq;qh;hg;gg;gg
amyloid;t;q;i;v;y;k;tq;qi;iv;vy;yk
non-amyloid;t;q;r;g;f;g;tq;qr;rg;gf;fg
non-amyloid;t;q;v;g;f;g;tq;qv;vg;gf;fg
non-amyloid;t;r;e;p;t;k;tr;re;ep;pt;tk
non-amyloid;t;r;n;n;t;v;tr;rn;nn;nt;tv
non-amyloid;t;t;g;v;t;i;tt;tg;gv;vt;ti
non-amyloid;t;t;g;v;v;v;tt;tg;gv;vv;vv
amyloid;t;t;v;i;i;e;tt;tv;vi;ii;ie
non-amyloid;t;t;v;v;s;t;tt;tv;vv;vs;st
non-amyloid;t;t;v;v;t;t;tt;tv;vv;vt;tt
non-amyloid;t;v;f;h;i;g;tv;vf;fh;hi;ig
non-amyloid;t;v;f;p;i;g;tv;vf;fp;pi;ig
non-amyloid;t;v;i;v;i;r;tv;vi;iv;vi;ir
non-amyloid;t;v;k;q;f;g;tv;vk;kq;qf;fg
non-amyloid;t;v;v;s;t;t;tv;vv;vs;st;tt
non-amyloid;t;y;q;i;i;r;ty;yq;qi;ii;ir
amyloid;t;y;v;e;y;i;ty;yv;ve;ey;yi
amyloid;v;a;f;n;i;t;va;af;fn;ni;it
amyloid;v;a;i;v;y;k;va;ai;iv;vy;yk
non-amyloid;v;a;m;h;v;f;va;am;mh;hv;vf
amyloid;v;a;n;f;i;t;va;an;nf;fi;it
non-amyloid;v;a;n;n;s;t;va;an;nn;ns;st
non-amyloid;v;a;t;t;r;t;va;at;tt;tr;rt
amyloid;v;a;t;v;y;v;va;at;tv;vy;yv
amyloid;v;a;v;h;v;f;va;av;vh;hv;vf
non-amyloid;v;a;w;l;k;m;va;aw;wl;lk;km
amyloid;v;c;i;v;y;k;vc;ci;iv;vy;yk
amyloid;v;d;i;v;y;k;vd;di;iv;vy;yk
non-amyloid;v;d;q;t;a;s;vd;dq;qt;ta;as
non-amyloid;v;d;t;k;p;a;vd;dt;tk;kp;pa
amyloid;v;e;a;l;y;l;ve;ea;al;ly;yl
non-amyloid;v;e;d;l;k;i;ve;ed;dl;lk;ki
non-amyloid;v;e;e;p;v;k;ve;ee;ep;pv;vk
amyloid;v;e;i;v;y;k;ve;ei;iv;vy;yk
non-amyloid;v;f;f;i;n;q;vf;ff;fi;in;nq
amyloid;v;f;f;n;n;t;vf;ff;fn;nn;nt
amyloid;v;f;i;v;y;k;vf;fi;iv;vy;yk
non-amyloid;v;g;f;g;n;n;vg;gf;fg;gn;nn
amyloid;v;g;i;v;y;k;vg;gi;iv;vy;yk
non-amyloid;v;g;q;g;s;d;vg;gq;qg;gs;sd
amyloid;v;h;i;v;y;k;vh;hi;iv;vy;yk
non-amyloid;v;h;n;n;s;n;vh;hn;nn;ns;sn
amyloid;v;i;f;t;i;m;vi;if;ft;ti;im
amyloid;v;i;g;i;a;q;vi;ig;gi;ia;aq
amyloid;v;i;i;v;y;k;vi;ii;iv;vy;yk
amyloid;v;i;l;l;i;s;vi;il;ll;li;is
non-amyloid;v;i;s;l;s;g;vi;is;sl;ls;sg
amyloid;v;i;v;a;t;t;vi;iv;va;at;tt
non-amyloid;v;i;v;i;r;t;vi;iv;vi;ir;rt
non-amyloid;v;i;w;i;a;q;vi;iw;wi;ia;aq
amyloid;v;k;i;v;y;k;vk;ki;iv;vy;yk
non-amyloid;v;k;k;e;e;k;vk;kk;ke;ee;ek
non-amyloid;v;k;q;f;g;g;vk;kq;qf;fg;gg
non-amyloid;v;k;w;d;r;d;vk;kw;wd;dr;rd
amyloid;v;l;i;v;y;k;vl;li;iv;vy;yk
amyloid;v;l;v;e;a;q;vl;lv;ve;ea;aq
amyloid;v;m;i;v;y;k;vm;mi;iv;vy;yk
amyloid;v;n;i;v;y;k;vn;ni;iv;vy;yk
non-amyloid;v;n;n;n;n;i;vn;nn;nn;nn;ni
non-amyloid;v;n;n;n;n;n;vn;nn;nn;nn;nn
amyloid;v;n;q;l;y;q;vn;nq;ql;ly;yq
amyloid;v;n;v;t;q;v;vn;nv;vt;tq;qv
non-amyloid;v;n;w;c;e;r;vn;nw;wc;ce;er
non-amyloid;v;n;w;y;e;r;vn;nw;wy;ye;er
non-amyloid;v;p;g;i;a;q;vp;pg;gi;ia;aq
non-amyloid;v;p;i;v;y;k;vp;pi;iv;vy;yk
non-amyloid;v;p;q;y;g;g;vp;pq;qy;yg;gg
non-amyloid;v;q;a;v;y;k;vq;qa;av;vy;yk
amyloid;v;q;c;v;y;k;vq;qc;cv;vy;yk
non-amyloid;v;q;d;v;y;k;vq;qd;dv;vy;yk
non-amyloid;v;q;e;v;y;k;vq;qe;ev;vy;yk
amyloid;v;q;f;l;q;s;vq;qf;fl;lq;qs
amyloid;v;q;f;v;y;k;vq;qf;fv;vy;yk
non-amyloid;v;q;g;v;y;k;vq;qg;gv;vy;yk
non-amyloid;v;q;h;v;y;k;vq;qh;hv;vy;yk
non-amyloid;v;q;i;a;y;k;vq;qi;ia;ay;yk
amyloid;v;q;i;c;y;k;vq;qi;ic;cy;yk
amyloid;v;q;i;d;y;k;vq;qi;id;dy;yk
non-amyloid;v;q;i;e;y;k;vq;qi;ie;ey;yk
amyloid;v;q;i;f;y;k;vq;qi;if;fy;yk
non-amyloid;v;q;i;g;y;k;vq;qi;ig;gy;yk
non-amyloid;v;q;i;h;y;k;vq;qi;ih;hy;yk
amyloid;v;q;i;i;n;k;vq;qi;ii;in;nk
amyloid;v;q;i;i;n;k;vq;qi;ii;in;nk
amyloid;v;q;i;i;y;k;vq;qi;ii;iy;yk
amyloid;v;q;i;k;y;k;vq;qi;ik;ky;yk
amyloid;v;q;i;l;y;k;vq;qi;il;ly;yk
amyloid;v;q;i;m;y;k;vq;qi;im;my;yk
amyloid;v;q;i;n;y;k;vq;qi;in;ny;yk
non-amyloid;v;q;i;p;y;k;vq;qi;ip;py;yk
amyloid;v;q;i;q;y;k;vq;qi;iq;qy;yk
amyloid;v;q;i;r;y;k;vq;qi;ir;ry;yk
amyloid;v;q;i;s;y;k;vq;qi;is;sy;yk
amyloid;v;q;i;t;y;k;vq;qi;it;ty;yk
amyloid;v;q;i;v;a;k;vq;qi;iv;va;ak
amyloid;v;q;i;v;c;k;vq;qi;iv;vc;ck
amyloid;v;q;i;v;d;k;vq;qi;iv;vd;dk
amyloid;v;q;i;v;e;k;vq;qi;iv;ve;ek
amyloid;v;q;i;v;f;k;vq;qi;iv;vf;fk
amyloid;v;q;i;v;g;k;vq;qi;iv;vg;gk
amyloid;v;q;i;v;h;k;vq;qi;iv;vh;hk
amyloid;v;q;i;v;i;k;vq;qi;iv;vi;ik
amyloid;v;q;i;v;k;k;vq;qi;iv;vk;kk
amyloid;v;q;i;v;l;k;vq;qi;iv;vl;lk
amyloid;v;q;i;v;m;k;vq;qi;iv;vm;mk
amyloid;v;q;i;v;n;k;vq;qi;iv;vn;nk
amyloid;v;q;i;v;p;k;vq;qi;iv;vp;pk
amyloid;v;q;i;v;q;k;vq;qi;iv;vq;qk
amyloid;v;q;i;v;r;k;vq;qi;iv;vr;rk
amyloid;v;q;i;v;s;k;vq;qi;iv;vs;sk
amyloid;v;q;i;v;t;k;vq;qi;iv;vt;tk
amyloid;v;q;i;v;v;k;vq;qi;iv;vv;vk
amyloid;v;q;i;v;w;k;vq;qi;iv;vw;wk
amyloid;v;q;i;v;y;a;vq;qi;iv;vy;ya
amyloid;v;q;i;v;y;c;vq;qi;iv;vy;yc
amyloid;v;q;i;v;y;d;vq;qi;iv;vy;yd
amyloid;v;q;i;v;y;e;vq;qi;iv;vy;ye
amyloid;v;q;i;v;y;f;vq;qi;iv;vy;yf
amyloid;v;q;i;v;y;g;vq;qi;iv;vy;yg
amyloid;v;q;i;v;y;h;vq;qi;iv;vy;yh
amyloid;v;q;i;v;y;i;vq;qi;iv;vy;yi
amyloid;v;q;i;v;y;k;vq;qi;iv;vy;yk
amyloid;v;q;i;v;y;l;vq;qi;iv;vy;yl
amyloid;v;q;i;v;y;m;vq;qi;iv;vy;ym
amyloid;v;q;i;v;y;n;vq;qi;iv;vy;yn
amyloid;v;q;i;v;y;p;vq;qi;iv;vy;yp
amyloid;v;q;i;v;y;q;vq;qi;iv;vy;yq
amyloid;v;q;i;v;y;r;vq;qi;iv;vy;yr
amyloid;v;q;i;v;y;s;vq;qi;iv;vy;ys
amyloid;v;q;i;v;y;t;vq;qi;iv;vy;yt
amyloid;v;q;i;v;y;v;vq;qi;iv;vy;yv
amyloid;v;q;i;v;y;w;vq;qi;iv;vy;yw
amyloid;v;q;i;v;y;y;vq;qi;iv;vy;yy
amyloid;v;q;i;w;y;k;vq;qi;iw;wy;yk
amyloid;v;q;i;y;y;k;vq;qi;iy;yy;yk
non-amyloid;v;q;k;v;y;k;vq;qk;kv;vy;yk
amyloid;v;q;l;v;y;k;vq;ql;lv;vy;yk
amyloid;v;q;m;v;y;k;vq;qm;mv;vy;yk
amyloid;v;q;n;v;y;k;vq;qn;nv;vy;yk
non-amyloid;v;q;p;v;y;k;vq;qp;pv;vy;yk
amyloid;v;q;q;v;y;k;vq;qq;qv;vy;yk
non-amyloid;v;q;r;v;y;k;vq;qr;rv;vy;yk
non-amyloid;v;q;s;v;y;k;vq;qs;sv;vy;yk
non-amyloid;v;q;t;e;e;k;vq;qt;te;ee;ek
amyloid;v;q;t;v;y;k;vq;qt;tv;vy;yk
amyloid;v;q;v;v;y;k;vq;qv;vv;vy;yk
non-amyloid;v;q;w;v;y;k;vq;qw;wv;vy;yk
non-amyloid;v;q;y;v;y;k;vq;qy;yv;vy;yk
amyloid;v;r;i;v;y;k;vr;ri;iv;vy;yk
amyloid;v;s;f;e;i;v;vs;sf;fe;ei;iv
amyloid;v;s;f;l;s;a;vs;sf;fl;ls;sa
non-amyloid;v;s;i;e;d;s;vs;si;ie;ed;ds
amyloid;v;s;i;v;y;k;vs;si;iv;vy;yk
non-amyloid;v;s;n;l;s;n;vs;sn;nl;ls;sn
non-amyloid;v;s;s;s;g;i;vs;ss;ss;sg;gi
amyloid;v;s;t;t;v;v;vs;st;tt;tv;vv
amyloid;v;t;f;t;i;q;vt;tf;ft;ti;iq
non-amyloid;v;t;i;i;t;v;vt;ti;ii;it;tv
amyloid;v;t;i;v;y;k;vt;ti;iv;vy;yk
amyloid;v;t;l;h;a;t;vt;tl;lh;ha;at
non-amyloid;v;t;l;s;q;p;vt;tl;ls;sq;qp
amyloid;v;t;l;w;w;g;vt;tl;lw;ww;wg
non-amyloid;v;t;q;e;f;w;vt;tq;qe;ef;fw
amyloid;v;t;q;v;g;f;vt;tq;qv;vg;gf
amyloid;v;t;q;v;g;f;vt;tq;qv;vg;gf
amyloid;v;t;s;t;f;s;vt;ts;st;tf;fs
non-amyloid;v;t;t;g;v;t;vt;tt;tg;gv;vt
non-amyloid;v;t;t;g;v;v;vt;tt;tg;gv;vv
non-amyloid;v;t;t;v;v;s;vt;tt;tv;vv;vs
amyloid;v;t;v;i;i;e;vt;tv;vi;ii;ie
amyloid;v;t;v;q;a;t;vt;tv;vq;qa;at
amyloid;v;v;f;f;i;c;vv;vf;ff;fi;ic
amyloid;v;v;i;v;y;k;vv;vi;iv;vy;yk
non-amyloid;v;v;p;q;y;g;vv;vp;pq;qy;yg
amyloid;v;v;s;t;t;v;vv;vs;st;tt;tv
non-amyloid;v;v;t;s;e;e;vv;vt;ts;se;ee
non-amyloid;v;v;v;t;s;e;vv;vv;vt;ts;se
non-amyloid;v;v;v;v;t;s;vv;vv;vv;vt;ts
amyloid;v;w;i;v;y;k;vw;wi;iv;vy;yk
amyloid;v;y;i;m;i;g;vy;yi;im;mi;ig
amyloid;v;y;i;v;y;k;vy;yi;iv;vy;yk
non-amyloid;v;y;s;c;e;w;vy;ys;sc;ce;ew
non-amyloid;v;y;s;r;h;p;vy;ys;sr;rh;hp
non-amyloid;v;y;s;w;e;w;vy;ys;sw;we;ew
amyloid;w;a;t;v;y;v;wa;at;tv;vy;yv
non-amyloid;w;g;m;m;g;m;wg;gm;mm;mg;gm
non-amyloid;w;g;s;a;s;n;wg;gs;sa;as;sn
amyloid;w;i;v;i;f;f;wi;iv;vi;if;ff
non-amyloid;w;n;f;g;t;q;wn;nf;fg;gt;tq
non-amyloid;w;n;f;s;t;q;wn;nf;fs;st;tq
non-amyloid;w;p;n;g;i;t;wp;pn;ng;gi;it
amyloid;w;p;n;v;i;t;wp;pn;nv;vi;it
amyloid;w;q;i;v;y;k;wq;qi;iv;vy;yk
non-amyloid;w;s;f;y;l;l;ws;sf;fy;yl;ll
amyloid;w;t;f;n;l;y;wt;tf;fn;nl;ly
amyloid;w;t;v;i;i;e;wt;tv;vi;ii;ie
amyloid;w;t;v;n;y;s;wt;tv;vn;ny;ys
non-amyloid;w;v;e;n;y;p;wv;ve;en;ny;yp
amyloid;w;v;f;w;i;g;wv;vf;fw;wi;ig
non-amyloid;w;y;f;y;i;q;wy;yf;fy;yi;iq
amyloid;y;a;e;l;i;v;ya;ae;el;li;iv
non-amyloid;y;a;s;e;i;e;ya;as;se;ei;ie
non-amyloid;y;a;s;n;n;n;ya;as;sn;nn;nn
amyloid;y;a;t;v;y;v;ya;at;tv;vy;yv
non-amyloid;y;g;g;g;g;n;yg;gg;gg;gg;gn
non-amyloid;y;g;g;g;n;s;yg;gg;gg;gn;ns
non-amyloid;y;g;q;q;n;q;yg;gq;qq;qn;nq
non-amyloid;y;g;q;q;q;s;yg;gq;qq;qq;qs
non-amyloid;y;g;q;q;s;y;yg;gq;qq;qs;sy
non-amyloid;y;g;q;s;s;y;yg;gq;qs;ss;sy
amyloid;y;h;l;a;m;a;yh;hl;la;am;ma
amyloid;y;i;f;n;n;c;yi;if;fn;nn;nc
non-amyloid;y;i;f;n;n;m;yi;if;fn;nn;nm
non-amyloid;y;k;n;f;n;y;yk;kn;nf;fn;ny
non-amyloid;y;l;e;i;i;i;yl;le;ei;ii;ii
amyloid;y;l;f;l;q;y;yl;lf;fl;lq;qy
non-amyloid;y;l;g;n;n;s;yl;lg;gn;nn;ns
amyloid;y;l;l;w;y;c;yl;ll;lw;wy;yc
amyloid;y;l;l;y;y;t;yl;ll;ly;yy;yt
amyloid;y;l;n;w;y;q;yl;ln;nw;wy;yq
amyloid;y;l;v;n;f;t;yl;lv;vn;nf;ft
non-amyloid;y;n;a;q;a;q;yn;na;aq;qa;aq
non-amyloid;y;n;n;n;l;q;yn;nn;nn;nl;lq
non-amyloid;y;n;n;t;g;s;yn;nn;nt;tg;gs
amyloid;y;n;n;y;n;n;yn;nn;ny;yn;nn
non-amyloid;y;n;p;d;a;g;yn;np;pd;da;ag
non-amyloid;y;n;p;q;g;g;yn;np;pq;qg;gg
non-amyloid;y;q;a;g;f;q;yq;qa;ag;gf;fq
non-amyloid;y;q;a;y;n;a;yq;qa;ay;yn;na
non-amyloid;y;q;g;y;q;a;yq;qg;gy;yq;qa
non-amyloid;y;q;g;y;s;g;yq;qg;gy;ys;sg
amyloid;y;q;i;v;y;k;yq;qi;iv;vy;yk
non-amyloid;y;q;l;e;n;y;yq;ql;le;en;ny
amyloid;y;q;l;i;w;q;yq;ql;li;iw;wq
non-amyloid;y;q;n;y;q;g;yq;qn;ny;yq;qg
non-amyloid;y;q;q;g;g;y;yq;qq;qg;gg;gy
non-amyloid;y;q;q;q;f;n;yq;qq;qq;qf;fn
non-amyloid;y;q;q;q;y;n;yq;qq;qq;qy;yn
non-amyloid;y;q;q;q;y;n;yq;qq;qq;qy;yn
non-amyloid;y;q;q;y;n;p;yq;qq;qy;yn;np
non-amyloid;y;q;q;y;s;q;yq;qq;qy;ys;sq
non-amyloid;y;q;y;g;g;g;yq;qy;yg;gg;gg
non-amyloid;y;s;g;s;n;s;ys;sg;gs;sn;ns
non-amyloid;y;s;g;y;q;q;ys;sg;gy;yq;qq
non-amyloid;y;s;q;n;g;n;ys;sq;qn;ng;gn
non-amyloid;y;s;q;n;g;n;ys;sq;qn;ng;gn
non-amyloid;y;t;f;t;i;s;yt;tf;ft;ti;is
non-amyloid;y;t;n;i;s;n;yt;tn;ni;is;sn
amyloid;y;t;v;i;i;e;yt;tv;vi;ii;ie
amyloid;y;v;e;y;i;g;yv;ve;ey;yi;ig
non-amyloid;y;v;s;g;f;h;yv;vs;sg;gf;fh
non-amyloid;y;y;n;y;n;n;yy;yn;ny;yn;nn
amyloid;y;y;q;n;y;q;yy;yq;qn;ny;yq
non-amyloid;y;y;q;n;y;q;yy;yq;qn;ny;yq
non-amyloid;y;y;t;e;f;t;yy;yt;te;ef;ft
